Eval_AverageReturn,Eval_StdReturn,Eval_MaxReturn,Eval_MinReturn,Eval_AverageEpLen,step,Train_EpisodeReturn,Train_EpisodeLen,critic_loss,q_values,target_values,grad_norm,epsilon,lr
36.4,14.677874,74.0,24.0,36.4,0,,,,,,,,
,,,,,15,16.0,16,,,,,,
,,,,,45,30.0,30,,,,,,
,,,,,94,49.0,49,,,,,,
,,,,,108,14.0,14,,,,,,
,,,,,129,21.0,21,,,,,,
,,,,,146,17.0,17,,,,,,
,,,,,177,31.0,31,,,,,,
,,,,,193,16.0,16,,,,,,
,,,,,217,24.0,24,,,,,,
,,,,,283,66.0,66,,,,,,
,,,,,295,12.0,12,,,,,,
,,,,,308,13.0,13,,,,,,
,,,,,345,37.0,37,,,,,,
,,,,,368,23.0,23,,,,,,
,,,,,383,15.0,15,,,,,,
,,,,,405,22.0,22,,,,,,
,,,,,420,15.0,15,,,,,,
,,,,,469,49.0,49,,,,,,
,,,,,487,18.0,18,,,,,,
,,,,,563,76.0,76,,,,,,
,,,,,588,25.0,25,,,,,,
,,,,,604,16.0,16,,,,,,
,,,,,622,18.0,18,,,,,,
,,,,,661,39.0,39,,,,,,
,,,,,691,30.0,30,,,,,,
,,,,,706,15.0,15,,,,,,
,,,,,722,16.0,16,,,,,,
,,,,,740,18.0,18,,,,,,
,,,,,806,66.0,66,,,,,,
,,,,,818,12.0,12,,,,,,
,,,,,833,15.0,15,,,,,,
,,,,,843,10.0,10,,,,,,
,,,,,862,19.0,19,,,,,,
,,,,,887,25.0,25,,,,,,
,,,,,928,41.0,41,,,,,,
,,,,,942,14.0,14,,,,,,
,,,,,961,19.0,19,,,,,,
,,,,,980,19.0,19,,,,,,
,,,,,1000,,,1.0913753509521484,0.07797238230705261,1.1184338331222534,2.8454763889312744,0.97,0.0005
,,,,,1001,21.0,21,,,,,,
,,,,,1016,15.0,15,,,,,,
,,,,,1041,25.0,25,,,,,,
,,,,,1063,22.0,22,,,,,,
,,,,,1076,13.0,13,,,,,,
,,,,,1093,17.0,17,,,,,,
,,,,,1138,45.0,45,,,,,,
,,,,,1158,20.0,20,,,,,,
,,,,,1191,33.0,33,,,,,,
,,,,,1220,29.0,29,,,,,,
,,,,,1232,12.0,12,,,,,,
,,,,,1248,16.0,16,,,,,,
,,,,,1262,14.0,14,,,,,,
,,,,,1277,15.0,15,,,,,,
,,,,,1312,35.0,35,,,,,,
,,,,,1324,12.0,12,,,,,,
,,,,,1344,20.0,20,,,,,,
,,,,,1360,16.0,16,,,,,,
,,,,,1371,11.0,11,,,,,,
,,,,,1381,10.0,10,,,,,,
,,,,,1399,18.0,18,,,,,,
,,,,,1410,11.0,11,,,,,,
,,,,,1429,19.0,19,,,,,,
,,,,,1455,26.0,26,,,,,,
,,,,,1479,24.0,24,,,,,,
,,,,,1491,12.0,12,,,,,,
,,,,,1508,17.0,17,,,,,,
,,,,,1517,9.0,9,,,,,,
,,,,,1557,40.0,40,,,,,,
,,,,,1590,33.0,33,,,,,,
,,,,,1605,15.0,15,,,,,,
,,,,,1629,24.0,24,,,,,,
,,,,,1649,20.0,20,,,,,,
,,,,,1702,53.0,53,,,,,,
,,,,,1713,11.0,11,,,,,,
,,,,,1775,62.0,62,,,,,,
,,,,,1798,23.0,23,,,,,,
,,,,,1827,29.0,29,,,,,,
,,,,,1839,12.0,12,,,,,,
,,,,,1855,16.0,16,,,,,,
,,,,,1867,12.0,12,,,,,,
,,,,,1881,14.0,14,,,,,,
,,,,,1907,26.0,26,,,,,,
,,,,,1928,21.0,21,,,,,,
,,,,,1954,26.0,26,,,,,,
,,,,,1983,29.0,29,,,,,,
,,,,,1995,12.0,12,,,,,,
,,,,,2000,,,0.003155662212520838,1.1438894271850586,1.1469179391860962,0.02462616376578808,0.94,0.0005
,,,,,2007,12.0,12,,,,,,
,,,,,2025,18.0,18,,,,,,
,,,,,2041,16.0,16,,,,,,
,,,,,2058,17.0,17,,,,,,
,,,,,2080,22.0,22,,,,,,
,,,,,2093,13.0,13,,,,,,
,,,,,2119,26.0,26,,,,,,
,,,,,2140,21.0,21,,,,,,
,,,,,2152,12.0,12,,,,,,
,,,,,2173,21.0,21,,,,,,
,,,,,2186,13.0,13,,,,,,
,,,,,2200,14.0,14,,,,,,
,,,,,2217,17.0,17,,,,,,
,,,,,2236,19.0,19,,,,,,
,,,,,2258,22.0,22,,,,,,
,,,,,2271,13.0,13,,,,,,
,,,,,2289,18.0,18,,,,,,
,,,,,2311,22.0,22,,,,,,
,,,,,2324,13.0,13,,,,,,
,,,,,2357,33.0,33,,,,,,
,,,,,2384,27.0,27,,,,,,
,,,,,2408,24.0,24,,,,,,
,,,,,2420,12.0,12,,,,,,
,,,,,2434,14.0,14,,,,,,
,,,,,2445,11.0,11,,,,,,
9.5,0.92195445,11.0,8.0,9.5,2500,,,0.06465059518814087,2.0958218574523926,2.0846140384674072,0.3894864022731781,0.925,0.0005
,,,,,2506,61.0,61,,,,,,
,,,,,2537,31.0,31,,,,,,
,,,,,2554,17.0,17,,,,,,
,,,,,2571,17.0,17,,,,,,
,,,,,2590,19.0,19,,,,,,
,,,,,2629,39.0,39,,,,,,
,,,,,2663,34.0,34,,,,,,
,,,,,2704,41.0,41,,,,,,
,,,,,2717,13.0,13,,,,,,
,,,,,2731,14.0,14,,,,,,
,,,,,2747,16.0,16,,,,,,
,,,,,2771,24.0,24,,,,,,
,,,,,2787,16.0,16,,,,,,
,,,,,2814,27.0,27,,,,,,
,,,,,2826,12.0,12,,,,,,
,,,,,2855,29.0,29,,,,,,
,,,,,2873,18.0,18,,,,,,
,,,,,2898,25.0,25,,,,,,
,,,,,2935,37.0,37,,,,,,
,,,,,2953,18.0,18,,,,,,
,,,,,2973,20.0,20,,,,,,
,,,,,2992,19.0,19,,,,,,
,,,,,3000,,,0.07486851513385773,2.110508918762207,2.0652976036071777,0.3491310477256775,0.91,0.0005
,,,,,3027,35.0,35,,,,,,
,,,,,3063,36.0,36,,,,,,
,,,,,3072,9.0,9,,,,,,
,,,,,3092,20.0,20,,,,,,
,,,,,3119,27.0,27,,,,,,
,,,,,3138,19.0,19,,,,,,
,,,,,3149,11.0,11,,,,,,
,,,,,3161,12.0,12,,,,,,
,,,,,3190,29.0,29,,,,,,
,,,,,3206,16.0,16,,,,,,
,,,,,3217,11.0,11,,,,,,
,,,,,3252,35.0,35,,,,,,
,,,,,3264,12.0,12,,,,,,
,,,,,3283,19.0,19,,,,,,
,,,,,3314,31.0,31,,,,,,
,,,,,3327,13.0,13,,,,,,
,,,,,3387,60.0,60,,,,,,
,,,,,3402,15.0,15,,,,,,
,,,,,3432,30.0,30,,,,,,
,,,,,3460,28.0,28,,,,,,
,,,,,3476,16.0,16,,,,,,
,,,,,3505,29.0,29,,,,,,
,,,,,3522,17.0,17,,,,,,
,,,,,3538,16.0,16,,,,,,
,,,,,3550,12.0,12,,,,,,
,,,,,3578,28.0,28,,,,,,
,,,,,3594,16.0,16,,,,,,
,,,,,3652,58.0,58,,,,,,
,,,,,3667,15.0,15,,,,,,
,,,,,3686,19.0,19,,,,,,
,,,,,3711,25.0,25,,,,,,
,,,,,3760,49.0,49,,,,,,
,,,,,3782,22.0,22,,,,,,
,,,,,3795,13.0,13,,,,,,
,,,,,3814,19.0,19,,,,,,
,,,,,3873,59.0,59,,,,,,
,,,,,3895,22.0,22,,,,,,
,,,,,3909,14.0,14,,,,,,
,,,,,3941,32.0,32,,,,,,
,,,,,3996,55.0,55,,,,,,
,,,,,4000,,,0.07998581230640411,3.045640468597412,3.0355091094970703,0.4848206043243408,0.88,0.0005
,,,,,4013,17.0,17,,,,,,
,,,,,4024,11.0,11,,,,,,
,,,,,4064,40.0,40,,,,,,
,,,,,4107,43.0,43,,,,,,
,,,,,4128,21.0,21,,,,,,
,,,,,4152,24.0,24,,,,,,
,,,,,4170,18.0,18,,,,,,
,,,,,4201,31.0,31,,,,,,
,,,,,4223,22.0,22,,,,,,
,,,,,4243,20.0,20,,,,,,
,,,,,4265,22.0,22,,,,,,
,,,,,4341,76.0,76,,,,,,
,,,,,4351,10.0,10,,,,,,
,,,,,4363,12.0,12,,,,,,
,,,,,4416,53.0,53,,,,,,
,,,,,4435,19.0,19,,,,,,
,,,,,4510,75.0,75,,,,,,
,,,,,4532,22.0,22,,,,,,
,,,,,4542,10.0,10,,,,,,
,,,,,4580,38.0,38,,,,,,
,,,,,4624,44.0,44,,,,,,
,,,,,4643,19.0,19,,,,,,
,,,,,4677,34.0,34,,,,,,
,,,,,4699,22.0,22,,,,,,
,,,,,4719,20.0,20,,,,,,
,,,,,4750,31.0,31,,,,,,
,,,,,4772,22.0,22,,,,,,
,,,,,4797,25.0,25,,,,,,
,,,,,4843,46.0,46,,,,,,
,,,,,4866,23.0,23,,,,,,
,,,,,4887,21.0,21,,,,,,
,,,,,4966,79.0,79,,,,,,
118.5,67.562195,279.0,67.0,118.5,5000,,,0.03674738109111786,4.080950736999512,4.070159435272217,0.14898794889450073,0.85,0.0005
,,,,,5007,41.0,41,,,,,,
,,,,,5073,66.0,66,,,,,,
,,,,,5125,52.0,52,,,,,,
,,,,,5171,46.0,46,,,,,,
,,,,,5205,34.0,34,,,,,,
,,,,,5222,17.0,17,,,,,,
,,,,,5237,15.0,15,,,,,,
,,,,,5251,14.0,14,,,,,,
,,,,,5328,77.0,77,,,,,,
,,,,,5374,46.0,46,,,,,,
,,,,,5402,28.0,28,,,,,,
,,,,,5417,15.0,15,,,,,,
,,,,,5435,18.0,18,,,,,,
,,,,,5446,11.0,11,,,,,,
,,,,,5475,29.0,29,,,,,,
,,,,,5514,39.0,39,,,,,,
,,,,,5564,50.0,50,,,,,,
,,,,,5593,29.0,29,,,,,,
,,,,,5637,44.0,44,,,,,,
,,,,,5654,17.0,17,,,,,,
,,,,,5668,14.0,14,,,,,,
,,,,,5716,48.0,48,,,,,,
,,,,,5732,16.0,16,,,,,,
,,,,,5745,13.0,13,,,,,,
,,,,,5765,20.0,20,,,,,,
,,,,,5785,20.0,20,,,,,,
,,,,,5818,33.0,33,,,,,,
,,,,,5868,50.0,50,,,,,,
,,,,,5905,37.0,37,,,,,,
,,,,,5927,22.0,22,,,,,,
,,,,,6000,,,0.027226613834500313,4.976297378540039,4.969547748565674,0.2298630177974701,0.82,0.0005
,,,,,6015,88.0,88,,,,,,
,,,,,6029,14.0,14,,,,,,
,,,,,6054,25.0,25,,,,,,
,,,,,6102,48.0,48,,,,,,
,,,,,6171,69.0,69,,,,,,
,,,,,6211,40.0,40,,,,,,
,,,,,6230,19.0,19,,,,,,
,,,,,6251,21.0,21,,,,,,
,,,,,6285,34.0,34,,,,,,
,,,,,6304,19.0,19,,,,,,
,,,,,6328,24.0,24,,,,,,
,,,,,6339,11.0,11,,,,,,
,,,,,6360,21.0,21,,,,,,
,,,,,6402,42.0,42,,,,,,
,,,,,6433,31.0,31,,,,,,
,,,,,6452,19.0,19,,,,,,
,,,,,6466,14.0,14,,,,,,
,,,,,6484,18.0,18,,,,,,
,,,,,6504,20.0,20,,,,,,
,,,,,6544,40.0,40,,,,,,
,,,,,6564,20.0,20,,,,,,
,,,,,6594,30.0,30,,,,,,
,,,,,6678,84.0,84,,,,,,
,,,,,6694,16.0,16,,,,,,
,,,,,6722,28.0,28,,,,,,
,,,,,6807,85.0,85,,,,,,
,,,,,6821,14.0,14,,,,,,
,,,,,6848,27.0,27,,,,,,
,,,,,6857,9.0,9,,,,,,
,,,,,6924,67.0,67,,,,,,
,,,,,6936,12.0,12,,,,,,
,,,,,6949,13.0,13,,,,,,
,,,,,7000,,,0.02081041783094406,5.799114227294922,5.812894821166992,0.19097736477851868,0.79,0.0005
,,,,,7067,118.0,118,,,,,,
,,,,,7089,22.0,22,,,,,,
,,,,,7106,17.0,17,,,,,,
,,,,,7117,11.0,11,,,,,,
,,,,,7130,13.0,13,,,,,,
,,,,,7159,29.0,29,,,,,,
,,,,,7181,22.0,22,,,,,,
,,,,,7202,21.0,21,,,,,,
,,,,,7218,16.0,16,,,,,,
,,,,,7236,18.0,18,,,,,,
,,,,,7252,16.0,16,,,,,,
,,,,,7270,18.0,18,,,,,,
,,,,,7293,23.0,23,,,,,,
,,,,,7347,54.0,54,,,,,,
,,,,,7360,13.0,13,,,,,,
,,,,,7375,15.0,15,,,,,,
,,,,,7420,45.0,45,,,,,,
,,,,,7463,43.0,43,,,,,,
236.0,62.985714,413.0,182.0,236.0,7500,,,0.13759994506835938,6.491026401519775,6.4279632568359375,0.8330363035202026,0.775,0.0005
,,,,,7501,38.0,38,,,,,,
,,,,,7522,21.0,21,,,,,,
,,,,,7541,19.0,19,,,,,,
,,,,,7602,61.0,61,,,,,,
,,,,,7624,22.0,22,,,,,,
,,,,,7640,16.0,16,,,,,,
,,,,,7678,38.0,38,,,,,,
,,,,,7693,15.0,15,,,,,,
,,,,,7707,14.0,14,,,,,,
,,,,,7718,11.0,11,,,,,,
,,,,,7740,22.0,22,,,,,,
,,,,,7759,19.0,19,,,,,,
,,,,,7774,15.0,15,,,,,,
,,,,,7810,36.0,36,,,,,,
,,,,,7840,30.0,30,,,,,,
,,,,,7904,64.0,64,,,,,,
,,,,,7914,10.0,10,,,,,,
,,,,,7946,32.0,32,,,,,,
,,,,,7964,18.0,18,,,,,,
,,,,,7997,33.0,33,,,,,,
,,,,,8000,,,0.016142450273036957,6.8022050857543945,6.799283981323242,0.25367841124534607,0.76,0.0005
,,,,,8014,17.0,17,,,,,,
,,,,,8033,19.0,19,,,,,,
,,,,,8055,22.0,22,,,,,,
,,,,,8185,130.0,130,,,,,,
,,,,,8273,88.0,88,,,,,,
,,,,,8300,27.0,27,,,,,,
,,,,,8341,41.0,41,,,,,,
,,,,,8379,38.0,38,,,,,,
,,,,,8407,28.0,28,,,,,,
,,,,,8449,42.0,42,,,,,,
,,,,,8489,40.0,40,,,,,,
,,,,,8510,21.0,21,,,,,,
,,,,,8524,14.0,14,,,,,,
,,,,,8615,91.0,91,,,,,,
,,,,,8628,13.0,13,,,,,,
,,,,,8654,26.0,26,,,,,,
,,,,,8670,16.0,16,,,,,,
,,,,,8712,42.0,42,,,,,,
,,,,,8794,82.0,82,,,,,,
,,,,,8809,15.0,15,,,,,,
,,,,,8837,28.0,28,,,,,,
,,,,,8863,26.0,26,,,,,,
,,,,,8905,42.0,42,,,,,,
,,,,,8918,13.0,13,,,,,,
,,,,,8932,14.0,14,,,,,,
,,,,,8966,34.0,34,,,,,,
,,,,,9000,,,0.05882394313812256,7.2835774421691895,7.314208030700684,0.5124900341033936,0.73,0.0005
,,,,,9015,49.0,49,,,,,,
,,,,,9055,40.0,40,,,,,,
,,,,,9078,23.0,23,,,,,,
,,,,,9104,26.0,26,,,,,,
,,,,,9161,57.0,57,,,,,,
,,,,,9191,30.0,30,,,,,,
,,,,,9218,27.0,27,,,,,,
,,,,,9258,40.0,40,,,,,,
,,,,,9273,15.0,15,,,,,,
,,,,,9303,30.0,30,,,,,,
,,,,,9350,47.0,47,,,,,,
,,,,,9362,12.0,12,,,,,,
,,,,,9460,98.0,98,,,,,,
,,,,,9483,23.0,23,,,,,,
,,,,,9544,61.0,61,,,,,,
,,,,,9572,28.0,28,,,,,,
,,,,,9601,29.0,29,,,,,,
,,,,,9658,57.0,57,,,,,,
,,,,,9720,62.0,62,,,,,,
,,,,,9739,19.0,19,,,,,,
,,,,,9787,48.0,48,,,,,,
,,,,,9818,31.0,31,,,,,,
,,,,,9844,26.0,26,,,,,,
,,,,,9867,23.0,23,,,,,,
,,,,,9977,110.0,110,,,,,,
,,,,,9997,20.0,20,,,,,,
176.6,19.360785,201.0,138.0,176.6,10000,,,0.06159227713942528,8.036669731140137,8.063340187072754,1.0229403972625732,0.7,0.0005
,,,,,10042,45.0,45,,,,,,
,,,,,10082,40.0,40,,,,,,
,,,,,10128,46.0,46,,,,,,
,,,,,10174,46.0,46,,,,,,
,,,,,10248,74.0,74,,,,,,
,,,,,10280,32.0,32,,,,,,
,,,,,10393,113.0,113,,,,,,
,,,,,10418,25.0,25,,,,,,
,,,,,10439,21.0,21,,,,,,
,,,,,10513,74.0,74,,,,,,
,,,,,10558,45.0,45,,,,,,
,,,,,10583,25.0,25,,,,,,
,,,,,10617,34.0,34,,,,,,
,,,,,10665,48.0,48,,,,,,
,,,,,10730,65.0,65,,,,,,
,,,,,10783,53.0,53,,,,,,
,,,,,10810,27.0,27,,,,,,
,,,,,10850,40.0,40,,,,,,
,,,,,10916,66.0,66,,,,,,
,,,,,10975,59.0,59,,,,,,
,,,,,10993,18.0,18,,,,,,
,,,,,11000,,,0.07183216512203217,9.00136661529541,8.975685119628906,0.684950590133667,0.67,0.0005
,,,,,11047,54.0,54,,,,,,
,,,,,11095,48.0,48,,,,,,
,,,,,11120,25.0,25,,,,,,
,,,,,11136,16.0,16,,,,,,
,,,,,11191,55.0,55,,,,,,
,,,,,11207,16.0,16,,,,,,
,,,,,11236,29.0,29,,,,,,
,,,,,11295,59.0,59,,,,,,
,,,,,11319,24.0,24,,,,,,
,,,,,11376,57.0,57,,,,,,
,,,,,11417,41.0,41,,,,,,
,,,,,11439,22.0,22,,,,,,
,,,,,11456,17.0,17,,,,,,
,,,,,11467,11.0,11,,,,,,
,,,,,11513,46.0,46,,,,,,
,,,,,11530,17.0,17,,,,,,
,,,,,11630,100.0,100,,,,,,
,,,,,11692,62.0,62,,,,,,
,,,,,11721,29.0,29,,,,,,
,,,,,11738,17.0,17,,,,,,
,,,,,11777,39.0,39,,,,,,
,,,,,11812,35.0,35,,,,,,
,,,,,11843,31.0,31,,,,,,
,,,,,11880,37.0,37,,,,,,
,,,,,11899,19.0,19,,,,,,
,,,,,11947,48.0,48,,,,,,
,,,,,11975,28.0,28,,,,,,
,,,,,11986,11.0,11,,,,,,
,,,,,12000,14.0,14,,,,,,
,,,,,12000,,,0.010252189822494984,10.067922592163086,10.048735618591309,0.3526066243648529,0.6399999999999999,0.0005
,,,,,12015,15.0,15,,,,,,
,,,,,12028,13.0,13,,,,,,
,,,,,12146,118.0,118,,,,,,
,,,,,12308,162.0,162,,,,,,
,,,,,12343,35.0,35,,,,,,
,,,,,12359,16.0,16,,,,,,
,,,,,12376,17.0,17,,,,,,
,,,,,12388,12.0,12,,,,,,
,,,,,12411,23.0,23,,,,,,
,,,,,12464,53.0,53,,,,,,
,,,,,12485,21.0,21,,,,,,
154.4,26.627804,211.0,122.0,154.4,12500,,,0.23740997910499573,10.756210327148438,10.763465881347656,1.0625579357147217,0.625,0.0005
,,,,,12536,51.0,51,,,,,,
,,,,,12552,16.0,16,,,,,,
,,,,,12567,15.0,15,,,,,,
,,,,,12719,152.0,152,,,,,,
,,,,,12731,12.0,12,,,,,,
,,,,,12751,20.0,20,,,,,,
,,,,,12785,34.0,34,,,,,,
,,,,,12820,35.0,35,,,,,,
,,,,,12861,41.0,41,,,,,,
,,,,,12918,57.0,57,,,,,,
,,,,,12967,49.0,49,,,,,,
,,,,,12989,22.0,22,,,,,,
,,,,,13000,,,0.09097113460302353,10.763337135314941,10.734909057617188,1.5449272394180298,0.61,0.0005
,,,,,13039,50.0,50,,,,,,
,,,,,13081,42.0,42,,,,,,
,,,,,13148,67.0,67,,,,,,
,,,,,13194,46.0,46,,,,,,
,,,,,13234,40.0,40,,,,,,
,,,,,13315,81.0,81,,,,,,
,,,,,13327,12.0,12,,,,,,
,,,,,13355,28.0,28,,,,,,
,,,,,13376,21.0,21,,,,,,
,,,,,13480,104.0,104,,,,,,
,,,,,13528,48.0,48,,,,,,
,,,,,13672,144.0,144,,,,,,
,,,,,13719,47.0,47,,,,,,
,,,,,13798,79.0,79,,,,,,
,,,,,13840,42.0,42,,,,,,
,,,,,13853,13.0,13,,,,,,
,,,,,13881,28.0,28,,,,,,
,,,,,13978,97.0,97,,,,,,
,,,,,14000,,,0.02399338409304619,11.045626640319824,11.082839965820312,0.6248174905776978,0.58,0.0005
,,,,,14009,31.0,31,,,,,,
,,,,,14143,134.0,134,,,,,,
,,,,,14186,43.0,43,,,,,,
,,,,,14209,23.0,23,,,,,,
,,,,,14223,14.0,14,,,,,,
,,,,,14249,26.0,26,,,,,,
,,,,,14270,21.0,21,,,,,,
,,,,,14292,22.0,22,,,,,,
,,,,,14316,24.0,24,,,,,,
,,,,,14408,92.0,92,,,,,,
,,,,,14420,12.0,12,,,,,,
,,,,,14445,25.0,25,,,,,,
,,,,,14465,20.0,20,,,,,,
,,,,,14496,31.0,31,,,,,,
,,,,,14531,35.0,35,,,,,,
,,,,,14582,51.0,51,,,,,,
,,,,,14634,52.0,52,,,,,,
,,,,,14696,62.0,62,,,,,,
,,,,,14717,21.0,21,,,,,,
,,,,,14742,25.0,25,,,,,,
,,,,,14756,14.0,14,,,,,,
,,,,,14841,85.0,85,,,,,,
,,,,,14864,23.0,23,,,,,,
,,,,,14899,35.0,35,,,,,,
,,,,,14952,53.0,53,,,,,,
,,,,,14971,19.0,19,,,,,,
,,,,,15000,29.0,29,,,,,,
146.3,27.81025,186.0,98.0,146.3,15000,,,0.06570319831371307,12.623955726623535,12.645174980163574,0.6972696781158447,0.55,0.0005
,,,,,15012,12.0,12,,,,,,
,,,,,15072,60.0,60,,,,,,
,,,,,15086,14.0,14,,,,,,
,,,,,15120,34.0,34,,,,,,
,,,,,15166,46.0,46,,,,,,
,,,,,15193,27.0,27,,,,,,
,,,,,15253,60.0,60,,,,,,
,,,,,15304,51.0,51,,,,,,
,,,,,15335,31.0,31,,,,,,
,,,,,15348,13.0,13,,,,,,
,,,,,15369,21.0,21,,,,,,
,,,,,15389,20.0,20,,,,,,
,,,,,15429,40.0,40,,,,,,
,,,,,15494,65.0,65,,,,,,
,,,,,15542,48.0,48,,,,,,
,,,,,15558,16.0,16,,,,,,
,,,,,15578,20.0,20,,,,,,
,,,,,15614,36.0,36,,,,,,
,,,,,15639,25.0,25,,,,,,
,,,,,15732,93.0,93,,,,,,
,,,,,15753,21.0,21,,,,,,
,,,,,15813,60.0,60,,,,,,
,,,,,15906,93.0,93,,,,,,
,,,,,15939,33.0,33,,,,,,
,,,,,15957,18.0,18,,,,,,
,,,,,15970,13.0,13,,,,,,
,,,,,15986,16.0,16,,,,,,
,,,,,16000,,,0.30718374252319336,13.063082695007324,13.023896217346191,2.414227247238159,0.52,0.0005
,,,,,16007,21.0,21,,,,,,
,,,,,16017,10.0,10,,,,,,
,,,,,16097,80.0,80,,,,,,
,,,,,16117,20.0,20,,,,,,
,,,,,16140,23.0,23,,,,,,
,,,,,16185,45.0,45,,,,,,
,,,,,16209,24.0,24,,,,,,
,,,,,16297,88.0,88,,,,,,
,,,,,16341,44.0,44,,,,,,
,,,,,16360,19.0,19,,,,,,
,,,,,16398,38.0,38,,,,,,
,,,,,16423,25.0,25,,,,,,
,,,,,16520,97.0,97,,,,,,
,,,,,16568,48.0,48,,,,,,
,,,,,16608,40.0,40,,,,,,
,,,,,16634,26.0,26,,,,,,
,,,,,16678,44.0,44,,,,,,
,,,,,16698,20.0,20,,,,,,
,,,,,16714,16.0,16,,,,,,
,,,,,16735,21.0,21,,,,,,
,,,,,16754,19.0,19,,,,,,
,,,,,16835,81.0,81,,,,,,
,,,,,16857,22.0,22,,,,,,
,,,,,16954,97.0,97,,,,,,
,,,,,16969,15.0,15,,,,,,
,,,,,17000,,,0.04597286880016327,14.362228393554688,14.345364570617676,1.5342057943344116,0.49,0.0005
,,,,,17036,67.0,67,,,,,,
,,,,,17078,42.0,42,,,,,,
,,,,,17154,76.0,76,,,,,,
,,,,,17168,14.0,14,,,,,,
,,,,,17209,41.0,41,,,,,,
,,,,,17230,21.0,21,,,,,,
,,,,,17313,83.0,83,,,,,,
,,,,,17338,25.0,25,,,,,,
,,,,,17351,13.0,13,,,,,,
,,,,,17366,15.0,15,,,,,,
,,,,,17377,11.0,11,,,,,,
,,,,,17391,14.0,14,,,,,,
,,,,,17451,60.0,60,,,,,,
,,,,,17464,13.0,13,,,,,,
,,,,,17493,29.0,29,,,,,,
114.6,3.2619014,120.0,111.0,114.6,17500,,,0.18947160243988037,14.15896987915039,14.11022663116455,2.8623545169830322,0.475,0.0005
,,,,,17540,47.0,47,,,,,,
,,,,,17551,11.0,11,,,,,,
,,,,,17566,15.0,15,,,,,,
,,,,,17593,27.0,27,,,,,,
,,,,,17705,112.0,112,,,,,,
,,,,,17715,10.0,10,,,,,,
,,,,,17735,20.0,20,,,,,,
,,,,,17753,18.0,18,,,,,,
,,,,,17764,11.0,11,,,,,,
,,,,,17774,10.0,10,,,,,,
,,,,,17848,74.0,74,,,,,,
,,,,,17894,46.0,46,,,,,,
,,,,,17912,18.0,18,,,,,,
,,,,,18000,,,0.5597499012947083,14.010528564453125,13.920801162719727,4.7028117179870605,0.45999999999999996,0.0005
,,,,,18021,109.0,109,,,,,,
,,,,,18041,20.0,20,,,,,,
,,,,,18060,19.0,19,,,,,,
,,,,,18116,56.0,56,,,,,,
,,,,,18129,13.0,13,,,,,,
,,,,,18147,18.0,18,,,,,,
,,,,,18174,27.0,27,,,,,,
,,,,,18195,21.0,21,,,,,,
,,,,,18265,70.0,70,,,,,,
,,,,,18289,24.0,24,,,,,,
,,,,,18302,13.0,13,,,,,,
,,,,,18326,24.0,24,,,,,,
,,,,,18340,14.0,14,,,,,,
,,,,,18406,66.0,66,,,,,,
,,,,,18426,20.0,20,,,,,,
,,,,,18446,20.0,20,,,,,,
,,,,,18459,13.0,13,,,,,,
,,,,,18472,13.0,13,,,,,,
,,,,,18577,105.0,105,,,,,,
,,,,,18599,22.0,22,,,,,,
,,,,,18613,14.0,14,,,,,,
,,,,,18643,30.0,30,,,,,,
,,,,,18709,66.0,66,,,,,,
,,,,,18855,146.0,146,,,,,,
,,,,,18866,11.0,11,,,,,,
,,,,,18907,41.0,41,,,,,,
,,,,,18919,12.0,12,,,,,,
,,,,,18943,24.0,24,,,,,,
,,,,,18968,25.0,25,,,,,,
,,,,,19000,,,0.2807767987251282,15.586051940917969,15.544462203979492,3.9966001510620117,0.43000000000000005,0.0005
,,,,,19051,83.0,83,,,,,,
,,,,,19092,41.0,41,,,,,,
,,,,,19195,103.0,103,,,,,,
,,,,,19302,107.0,107,,,,,,
,,,,,19413,111.0,111,,,,,,
,,,,,19444,31.0,31,,,,,,
,,,,,19545,101.0,101,,,,,,
,,,,,19619,74.0,74,,,,,,
,,,,,19653,34.0,34,,,,,,
,,,,,19673,20.0,20,,,,,,
,,,,,19685,12.0,12,,,,,,
,,,,,19733,48.0,48,,,,,,
,,,,,19768,35.0,35,,,,,,
,,,,,19796,28.0,28,,,,,,
,,,,,19817,21.0,21,,,,,,
,,,,,19832,15.0,15,,,,,,
,,,,,19849,17.0,17,,,,,,
,,,,,19873,24.0,24,,,,,,
,,,,,19889,16.0,16,,,,,,
,,,,,19905,16.0,16,,,,,,
,,,,,19987,82.0,82,,,,,,
141.8,23.421356,202.0,119.0,141.8,20000,,,0.07280891388654709,16.05803871154785,16.124366760253906,2.3789114952087402,0.4,0.0005
,,,,,20024,37.0,37,,,,,,
,,,,,20093,69.0,69,,,,,,
,,,,,20187,94.0,94,,,,,,
,,,,,20197,10.0,10,,,,,,
,,,,,20363,166.0,166,,,,,,
,,,,,20397,34.0,34,,,,,,
,,,,,20412,15.0,15,,,,,,
,,,,,20501,89.0,89,,,,,,
,,,,,20519,18.0,18,,,,,,
,,,,,20543,24.0,24,,,,,,
,,,,,20561,18.0,18,,,,,,
,,,,,20582,21.0,21,,,,,,
,,,,,20612,30.0,30,,,,,,
,,,,,20653,41.0,41,,,,,,
,,,,,20741,88.0,88,,,,,,
,,,,,20769,28.0,28,,,,,,
,,,,,20798,29.0,29,,,,,,
,,,,,20892,94.0,94,,,,,,
,,,,,20909,17.0,17,,,,,,
,,,,,21000,,,0.026511603966355324,16.711437225341797,16.699861526489258,0.9762592911720276,0.37,0.0005
,,,,,21010,101.0,101,,,,,,
,,,,,21029,19.0,19,,,,,,
,,,,,21083,54.0,54,,,,,,
,,,,,21096,13.0,13,,,,,,
,,,,,21115,19.0,19,,,,,,
,,,,,21162,47.0,47,,,,,,
,,,,,21253,91.0,91,,,,,,
,,,,,21268,15.0,15,,,,,,
,,,,,21291,23.0,23,,,,,,
,,,,,21317,26.0,26,,,,,,
,,,,,21334,17.0,17,,,,,,
,,,,,21345,11.0,11,,,,,,
,,,,,21364,19.0,19,,,,,,
,,,,,21378,14.0,14,,,,,,
,,,,,21395,17.0,17,,,,,,
,,,,,21411,16.0,16,,,,,,
,,,,,21522,111.0,111,,,,,,
,,,,,21534,12.0,12,,,,,,
,,,,,21572,38.0,38,,,,,,
,,,,,21587,15.0,15,,,,,,
,,,,,21694,107.0,107,,,,,,
,,,,,21927,233.0,233,,,,,,
,,,,,21992,65.0,65,,,,,,
,,,,,22000,,,0.09391516447067261,17.598247528076172,17.645586013793945,4.7768049240112305,0.3400000000000001,0.0005
,,,,,22050,58.0,58,,,,,,
,,,,,22067,17.0,17,,,,,,
,,,,,22140,73.0,73,,,,,,
,,,,,22201,61.0,61,,,,,,
,,,,,22304,103.0,103,,,,,,
,,,,,22324,20.0,20,,,,,,
,,,,,22434,110.0,110,,,,,,
108.4,2.4979992,113.0,104.0,108.4,22500,,,0.06739825010299683,18.937301635742188,18.99556541442871,3.6429548263549805,0.32499999999999996,0.0005
,,,,,22531,97.0,97,,,,,,
,,,,,22643,112.0,112,,,,,,
,,,,,22701,58.0,58,,,,,,
,,,,,22712,11.0,11,,,,,,
,,,,,22767,55.0,55,,,,,,
,,,,,22879,112.0,112,,,,,,
,,,,,22894,15.0,15,,,,,,
,,,,,23000,,,0.09238925576210022,18.84149932861328,18.8740234375,2.149773359298706,0.30999999999999994,0.0005
,,,,,23001,107.0,107,,,,,,
,,,,,23032,31.0,31,,,,,,
,,,,,23130,98.0,98,,,,,,
,,,,,23230,100.0,100,,,,,,
,,,,,23273,43.0,43,,,,,,
,,,,,23288,15.0,15,,,,,,
,,,,,23303,15.0,15,,,,,,
,,,,,23401,98.0,98,,,,,,
,,,,,23501,100.0,100,,,,,,
,,,,,23526,25.0,25,,,,,,
,,,,,23634,108.0,108,,,,,,
,,,,,23697,63.0,63,,,,,,
,,,,,23758,61.0,61,,,,,,
,,,,,23817,59.0,59,,,,,,
,,,,,23840,23.0,23,,,,,,
,,,,,23903,63.0,63,,,,,,
,,,,,24000,,,0.7199115753173828,19.480939865112305,19.445064544677734,10.272492408752441,0.2799999999999999,0.0005
,,,,,24007,104.0,104,,,,,,
,,,,,24104,97.0,97,,,,,,
,,,,,24216,112.0,112,,,,,,
,,,,,24343,127.0,127,,,,,,
,,,,,24367,24.0,24,,,,,,
,,,,,24473,106.0,106,,,,,,
,,,,,24512,39.0,39,,,,,,
,,,,,24619,107.0,107,,,,,,
,,,,,24715,96.0,96,,,,,,
,,,,,24775,60.0,60,,,,,,
,,,,,24813,38.0,38,,,,,,
,,,,,24910,97.0,97,,,,,,
,,,,,24947,37.0,37,,,,,,
101.3,2.1,104.0,97.0,101.3,25000,,,0.03963765501976013,20.88845443725586,20.881486892700195,2.133389472961426,0.25,0.0005
,,,,,25088,141.0,141,,,,,,
,,,,,25142,54.0,54,,,,,,
,,,,,25169,27.0,27,,,,,,
,,,,,25310,141.0,141,,,,,,
,,,,,25341,31.0,31,,,,,,
,,,,,25382,41.0,41,,,,,,
,,,,,25416,34.0,34,,,,,,
,,,,,25533,117.0,117,,,,,,
,,,,,25627,94.0,94,,,,,,
,,,,,25726,99.0,99,,,,,,
,,,,,25842,116.0,116,,,,,,
,,,,,25903,61.0,61,,,,,,
,,,,,26000,,,0.7161604166030884,19.617305755615234,19.564098358154297,6.850793361663818,0.21999999999999997,0.0005
,,,,,26028,125.0,125,,,,,,
,,,,,26054,26.0,26,,,,,,
,,,,,26137,83.0,83,,,,,,
,,,,,26246,109.0,109,,,,,,
,,,,,26267,21.0,21,,,,,,
,,,,,26382,115.0,115,,,,,,
,,,,,26445,63.0,63,,,,,,
,,,,,26494,49.0,49,,,,,,
,,,,,26511,17.0,17,,,,,,
,,,,,26544,33.0,33,,,,,,
,,,,,26662,118.0,118,,,,,,
,,,,,26765,103.0,103,,,,,,
,,,,,26779,14.0,14,,,,,,
,,,,,26830,51.0,51,,,,,,
,,,,,26956,126.0,126,,,,,,
,,,,,26972,16.0,16,,,,,,
,,,,,27000,,,0.16397106647491455,20.867753982543945,20.906747817993164,6.559647083282471,0.18999999999999995,0.0005
,,,,,27087,115.0,115,,,,,,
,,,,,27209,122.0,122,,,,,,
,,,,,27271,62.0,62,,,,,,
,,,,,27387,116.0,116,,,,,,
243.6,69.78711,339.0,138.0,243.6,27500,,,0.10484810173511505,22.496538162231445,22.481046676635742,2.26535701751709,0.17500000000000004,0.0005
,,,,,27513,126.0,126,,,,,,
,,,,,27554,41.0,41,,,,,,
,,,,,27709,155.0,155,,,,,,
,,,,,27778,69.0,69,,,,,,
,,,,,27931,153.0,153,,,,,,
,,,,,28000,,,0.38935229182243347,22.42864418029785,22.59803009033203,13.730428695678711,0.15999999999999992,0.0005
,,,,,28064,133.0,133,,,,,,
,,,,,28222,158.0,158,,,,,,
,,,,,28368,146.0,146,,,,,,
,,,,,28512,144.0,144,,,,,,
,,,,,28791,279.0,279,,,,,,
,,,,,28933,142.0,142,,,,,,
,,,,,29000,,,0.08424527943134308,23.625368118286133,23.639286041259766,3.3539555072784424,0.13,0.0005
,,,,,29073,140.0,140,,,,,,
,,,,,29223,150.0,150,,,,,,
,,,,,29376,153.0,153,,,,,,
,,,,,29536,160.0,160,,,,,,
,,,,,29787,251.0,251,,,,,,
,,,,,29935,148.0,148,,,,,,
273.7,47.89583,372.0,216.0,273.7,30000,,,0.4498150944709778,23.596717834472656,23.596981048583984,13.276241302490234,0.1,0.0005
,,,,,30150,215.0,215,,,,,,
,,,,,30283,133.0,133,,,,,,
,,,,,30413,130.0,130,,,,,,
,,,,,30556,143.0,143,,,,,,
,,,,,30695,139.0,139,,,,,,
,,,,,30835,140.0,140,,,,,,
,,,,,31000,,,0.1906076967716217,25.22349739074707,25.203109741210938,3.9550271034240723,0.09733333333333334,0.0005
,,,,,31054,219.0,219,,,,,,
,,,,,31181,127.0,127,,,,,,
,,,,,31322,141.0,141,,,,,,
,,,,,31459,137.0,137,,,,,,
,,,,,31615,156.0,156,,,,,,
,,,,,31736,121.0,121,,,,,,
,,,,,31905,169.0,169,,,,,,
,,,,,32000,,,0.08189059793949127,25.64905548095703,25.619487762451172,3.6438820362091064,0.09466666666666668,0.0005
,,,,,32038,133.0,133,,,,,,
,,,,,32198,160.0,160,,,,,,
,,,,,32374,176.0,176,,,,,,
174.9,57.25286,287.0,129.0,174.9,32500,,,0.461994469165802,25.864377975463867,25.860422134399414,5.970145225524902,0.09333333333333334,0.0005
,,,,,32512,138.0,138,,,,,,
,,,,,32708,196.0,196,,,,,,
,,,,,32724,16.0,16,,,,,,
,,,,,32912,188.0,188,,,,,,
,,,,,33000,,,0.8014400005340576,26.8953800201416,26.801532745361328,14.651884078979492,0.092,0.0005
,,,,,33149,237.0,237,,,,,,
,,,,,33317,168.0,168,,,,,,
,,,,,33374,57.0,57,,,,,,
,,,,,33397,23.0,23,,,,,,
,,,,,33549,152.0,152,,,,,,
,,,,,33672,123.0,123,,,,,,
,,,,,33778,106.0,106,,,,,,
,,,,,33894,116.0,116,,,,,,
,,,,,34000,,,0.22899073362350464,26.69192886352539,26.73853302001953,5.65293025970459,0.08933333333333333,0.0005
,,,,,34025,131.0,131,,,,,,
,,,,,34133,108.0,108,,,,,,
,,,,,34267,134.0,134,,,,,,
,,,,,34451,184.0,184,,,,,,
,,,,,34594,143.0,143,,,,,,
,,,,,34729,135.0,135,,,,,,
,,,,,34771,42.0,42,,,,,,
,,,,,34906,135.0,135,,,,,,
143.3,3.848376,149.0,137.0,143.3,35000,,,4.280790328979492,27.11504364013672,26.990564346313477,30.662002563476562,0.08666666666666667,0.0005
,,,,,35068,162.0,162,,,,,,
,,,,,35244,176.0,176,,,,,,
,,,,,35355,111.0,111,,,,,,
,,,,,35489,134.0,134,,,,,,
,,,,,35629,140.0,140,,,,,,
,,,,,35776,147.0,147,,,,,,
,,,,,35911,135.0,135,,,,,,
,,,,,35938,27.0,27,,,,,,
,,,,,36000,,,0.32312077283859253,28.14282989501953,28.226730346679688,14.855124473571777,0.084,0.0005
,,,,,36042,104.0,104,,,,,,
,,,,,36197,155.0,155,,,,,,
,,,,,36327,130.0,130,,,,,,
,,,,,36426,99.0,99,,,,,,
,,,,,36530,104.0,104,,,,,,
,,,,,36632,102.0,102,,,,,,
,,,,,36770,138.0,138,,,,,,
,,,,,36901,131.0,131,,,,,,
,,,,,37000,,,1.9661184549331665,27.713869094848633,27.71114730834961,11.987838745117188,0.08133333333333334,0.0005
,,,,,37042,141.0,141,,,,,,
,,,,,37155,113.0,113,,,,,,
,,,,,37265,110.0,110,,,,,,
,,,,,37387,122.0,122,,,,,,
,,,,,37497,110.0,110,,,,,,
104.4,1.2806249,107.0,102.0,104.4,37500,,,0.1744265854358673,29.758193969726562,29.713830947875977,6.170259475708008,0.08,0.0005
,,,,,37607,110.0,110,,,,,,
,,,,,37732,125.0,125,,,,,,
,,,,,37756,24.0,24,,,,,,
,,,,,37889,133.0,133,,,,,,
,,,,,37999,110.0,110,,,,,,
,,,,,38000,,,1.8027218580245972,29.642057418823242,29.448936462402344,22.80545997619629,0.07866666666666668,0.0005
,,,,,38130,131.0,131,,,,,,
,,,,,38239,109.0,109,,,,,,
,,,,,38373,134.0,134,,,,,,
,,,,,38524,151.0,151,,,,,,
,,,,,38624,100.0,100,,,,,,
,,,,,38749,125.0,125,,,,,,
,,,,,38877,128.0,128,,,,,,
,,,,,38980,103.0,103,,,,,,
,,,,,39000,,,0.1435825228691101,31.014522552490234,30.99892234802246,4.452469825744629,0.07600000000000001,0.0005
,,,,,39117,137.0,137,,,,,,
,,,,,39219,102.0,102,,,,,,
,,,,,39349,130.0,130,,,,,,
,,,,,39454,105.0,105,,,,,,
,,,,,39586,132.0,132,,,,,,
,,,,,39711,125.0,125,,,,,,
,,,,,39836,125.0,125,,,,,,
,,,,,39943,107.0,107,,,,,,
119.2,9.4,127.0,100.0,119.2,40000,,,0.4895612597465515,31.2352294921875,31.312328338623047,12.66433334350586,0.07333333333333333,0.0005
,,,,,40068,125.0,125,,,,,,
,,,,,40194,126.0,126,,,,,,
,,,,,40316,122.0,122,,,,,,
,,,,,40413,97.0,97,,,,,,
,,,,,40546,133.0,133,,,,,,
,,,,,40670,124.0,124,,,,,,
,,,,,40767,97.0,97,,,,,,
,,,,,40796,29.0,29,,,,,,
,,,,,40920,124.0,124,,,,,,
,,,,,41000,,,2.1811013221740723,31.57805633544922,31.461824417114258,12.277961730957031,0.07066666666666667,0.0005
,,,,,41020,100.0,100,,,,,,
,,,,,41157,137.0,137,,,,,,
,,,,,41252,95.0,95,,,,,,
,,,,,41371,119.0,119,,,,,,
,,,,,41469,98.0,98,,,,,,
,,,,,41595,126.0,126,,,,,,
,,,,,41718,123.0,123,,,,,,
,,,,,41730,12.0,12,,,,,,
,,,,,41796,66.0,66,,,,,,
,,,,,41894,98.0,98,,,,,,
,,,,,42000,,,1.1260370016098022,31.63706398010254,31.64420509338379,21.139238357543945,0.068,0.0005
,,,,,42020,126.0,126,,,,,,
,,,,,42124,104.0,104,,,,,,
,,,,,42226,102.0,102,,,,,,
,,,,,42352,126.0,126,,,,,,
,,,,,42474,122.0,122,,,,,,
122.5,2.6925824,125.0,117.0,122.5,42500,,,3.2734389305114746,32.696136474609375,32.5189208984375,23.687410354614258,0.06666666666666668,0.0005
,,,,,42570,96.0,96,,,,,,
,,,,,42670,100.0,100,,,,,,
,,,,,42771,101.0,101,,,,,,
,,,,,42869,98.0,98,,,,,,
,,,,,42902,33.0,33,,,,,,
,,,,,43000,,,3.4205126762390137,33.14356231689453,33.058021545410156,47.25144958496094,0.06533333333333333,0.0005
,,,,,43018,116.0,116,,,,,,
,,,,,43117,99.0,99,,,,,,
,,,,,43243,126.0,126,,,,,,
,,,,,43362,119.0,119,,,,,,
,,,,,43461,99.0,99,,,,,,
,,,,,43486,25.0,25,,,,,,
,,,,,43586,100.0,100,,,,,,
,,,,,43608,22.0,22,,,,,,
,,,,,43706,98.0,98,,,,,,
,,,,,43855,149.0,149,,,,,,
,,,,,43977,122.0,122,,,,,,
,,,,,44000,,,0.2241452932357788,34.578399658203125,34.47513198852539,8.160320281982422,0.06266666666666668,0.0005
,,,,,44009,32.0,32,,,,,,
,,,,,44136,127.0,127,,,,,,
,,,,,44235,99.0,99,,,,,,
,,,,,44331,96.0,96,,,,,,
,,,,,44449,118.0,118,,,,,,
,,,,,44472,23.0,23,,,,,,
,,,,,44593,121.0,121,,,,,,
,,,,,44725,132.0,132,,,,,,
,,,,,44822,97.0,97,,,,,,
,,,,,44857,35.0,35,,,,,,
,,,,,44954,97.0,97,,,,,,
113.7,3.0347984,119.0,109.0,113.7,45000,,,0.6024625897407532,35.194610595703125,34.99847412109375,9.920602798461914,0.060000000000000005,0.0005
,,,,,45068,114.0,114,,,,,,
,,,,,45165,97.0,97,,,,,,
,,,,,45180,15.0,15,,,,,,
,,,,,45277,97.0,97,,,,,,
,,,,,45376,99.0,99,,,,,,
,,,,,45404,28.0,28,,,,,,
,,,,,45503,99.0,99,,,,,,
,,,,,45603,100.0,100,,,,,,
,,,,,45704,101.0,101,,,,,,
,,,,,45800,96.0,96,,,,,,
,,,,,45898,98.0,98,,,,,,
,,,,,46000,,,0.8487992286682129,34.52879333496094,34.45990753173828,7.395120143890381,0.05733333333333334,0.0005
,,,,,46013,115.0,115,,,,,,
,,,,,46026,13.0,13,,,,,,
,,,,,46120,94.0,94,,,,,,
,,,,,46221,101.0,101,,,,,,
,,,,,46321,100.0,100,,,,,,
,,,,,46414,93.0,93,,,,,,
,,,,,46508,94.0,94,,,,,,
,,,,,46600,92.0,92,,,,,,
,,,,,46694,94.0,94,,,,,,
,,,,,46792,98.0,98,,,,,,
,,,,,46889,97.0,97,,,,,,
,,,,,47000,,,1.5646491050720215,36.30031967163086,36.32660675048828,19.76152801513672,0.054666666666666676,0.0005
,,,,,47012,123.0,123,,,,,,
,,,,,47109,97.0,97,,,,,,
,,,,,47202,93.0,93,,,,,,
,,,,,47300,98.0,98,,,,,,
,,,,,47400,100.0,100,,,,,,
,,,,,47411,11.0,11,,,,,,
97.9,1.868154,102.0,95.0,97.9,47500,,,0.37882715463638306,36.95610427856445,36.906944274902344,10.386380195617676,0.05333333333333334,0.0005
,,,,,47510,99.0,99,,,,,,
,,,,,47610,100.0,100,,,,,,
,,,,,47656,46.0,46,,,,,,
,,,,,47755,99.0,99,,,,,,
,,,,,47854,99.0,99,,,,,,
,,,,,47952,98.0,98,,,,,,
,,,,,47967,15.0,15,,,,,,
,,,,,48000,,,0.22643159329891205,36.301025390625,36.2685661315918,12.353103637695312,0.052000000000000005,0.0005
,,,,,48066,99.0,99,,,,,,
,,,,,48161,95.0,95,,,,,,
,,,,,48262,101.0,101,,,,,,
,,,,,48361,99.0,99,,,,,,
,,,,,48457,96.0,96,,,,,,
,,,,,48554,97.0,97,,,,,,
,,,,,48654,100.0,100,,,,,,
,,,,,48753,99.0,99,,,,,,
,,,,,48765,12.0,12,,,,,,
,,,,,48864,99.0,99,,,,,,
,,,,,48961,97.0,97,,,,,,
,,,,,49000,,,0.314007967710495,36.55663299560547,36.6367073059082,6.415675163269043,0.04933333333333334,0.0005
,,,,,49061,100.0,100,,,,,,
,,,,,49159,98.0,98,,,,,,
,,,,,49176,17.0,17,,,,,,
,,,,,49276,100.0,100,,,,,,
,,,,,49378,102.0,102,,,,,,
,,,,,49476,98.0,98,,,,,,
,,,,,49577,101.0,101,,,,,,
,,,,,49677,100.0,100,,,,,,
,,,,,49779,102.0,102,,,,,,
,,,,,49878,99.0,99,,,,,,
,,,,,49973,95.0,95,,,,,,
,,,,,49983,10.0,10,,,,,,
96.8,2.4413111,100.0,93.0,96.8,50000,,,0.6948206424713135,37.74938201904297,37.72652053833008,6.752194404602051,0.046666666666666676,0.0005
,,,,,50079,96.0,96,,,,,,
,,,,,50181,102.0,102,,,,,,
,,,,,50278,97.0,97,,,,,,
,,,,,50376,98.0,98,,,,,,
,,,,,50488,112.0,112,,,,,,
,,,,,50589,101.0,101,,,,,,
,,,,,50688,99.0,99,,,,,,
,,,,,50787,99.0,99,,,,,,
,,,,,50883,96.0,96,,,,,,
,,,,,50981,98.0,98,,,,,,
,,,,,51000,,,1.0504953861236572,38.89646530151367,39.03131103515625,41.89815902709961,0.04400000000000001,0.0005
,,,,,51076,95.0,95,,,,,,
,,,,,51170,94.0,94,,,,,,
,,,,,51180,10.0,10,,,,,,
,,,,,51280,100.0,100,,,,,,
,,,,,51377,97.0,97,,,,,,
,,,,,51477,100.0,100,,,,,,
,,,,,51574,97.0,97,,,,,,
,,,,,51671,97.0,97,,,,,,
,,,,,51769,98.0,98,,,,,,
,,,,,51862,93.0,93,,,,,,
,,,,,51955,93.0,93,,,,,,
,,,,,52000,,,0.3758389353752136,38.06083679199219,38.221885681152344,17.414602279663086,0.04133333333333334,0.0005
,,,,,52050,95.0,95,,,,,,
,,,,,52147,97.0,97,,,,,,
,,,,,52197,50.0,50,,,,,,
,,,,,52293,96.0,96,,,,,,
,,,,,52392,99.0,99,,,,,,
,,,,,52486,94.0,94,,,,,,
97.3,2.0518284,101.0,94.0,97.3,52500,,,8.505705833435059,38.64539337158203,38.44369888305664,86.16494750976562,0.04000000000000001,0.0005
,,,,,52580,94.0,94,,,,,,
,,,,,52677,97.0,97,,,,,,
,,,,,52771,94.0,94,,,,,,
,,,,,52866,95.0,95,,,,,,
,,,,,52961,95.0,95,,,,,,
,,,,,53000,,,0.4788983166217804,37.45444107055664,37.45651626586914,18.775066375732422,0.03866666666666667,0.0005
,,,,,53062,101.0,101,,,,,,
,,,,,53165,103.0,103,,,,,,
,,,,,53263,98.0,98,,,,,,
,,,,,53359,96.0,96,,,,,,
,,,,,53458,99.0,99,,,,,,
,,,,,53555,97.0,97,,,,,,
,,,,,53648,93.0,93,,,,,,
,,,,,53746,98.0,98,,,,,,
,,,,,53842,96.0,96,,,,,,
,,,,,53936,94.0,94,,,,,,
,,,,,54000,,,0.573707103729248,38.31728744506836,38.32636642456055,16.956241607666016,0.036000000000000004,0.0005
,,,,,54030,94.0,94,,,,,,
,,,,,54129,99.0,99,,,,,,
,,,,,54225,96.0,96,,,,,,
,,,,,54320,95.0,95,,,,,,
,,,,,54332,12.0,12,,,,,,
,,,,,54428,96.0,96,,,,,,
,,,,,54525,97.0,97,,,,,,
,,,,,54619,94.0,94,,,,,,
,,,,,54719,100.0,100,,,,,,
,,,,,54736,17.0,17,,,,,,
,,,,,54830,94.0,94,,,,,,
,,,,,54843,13.0,13,,,,,,
,,,,,54941,98.0,98,,,,,,
,,,,,54951,10.0,10,,,,,,
97.7,2.3685439,101.0,94.0,97.7,55000,,,0.31116074323654175,39.86766052246094,39.8757209777832,9.19848346710205,0.03333333333333334,0.0005
,,,,,55046,95.0,95,,,,,,
,,,,,55146,100.0,100,,,,,,
,,,,,55195,49.0,49,,,,,,
,,,,,55296,101.0,101,,,,,,
,,,,,55393,97.0,97,,,,,,
,,,,,55493,100.0,100,,,,,,
,,,,,55590,97.0,97,,,,,,
,,,,,55609,19.0,19,,,,,,
,,,,,55703,94.0,94,,,,,,
,,,,,55796,93.0,93,,,,,,
,,,,,55889,93.0,93,,,,,,
,,,,,55986,97.0,97,,,,,,
,,,,,56000,,,1.027501106262207,38.59588623046875,38.5572509765625,13.029780387878418,0.03066666666666666,0.0005
,,,,,56083,97.0,97,,,,,,
,,,,,56179,96.0,96,,,,,,
,,,,,56278,99.0,99,,,,,,
,,,,,56313,35.0,35,,,,,,
,,,,,56412,99.0,99,,,,,,
,,,,,56511,99.0,99,,,,,,
,,,,,56605,94.0,94,,,,,,
,,,,,56703,98.0,98,,,,,,
,,,,,56802,99.0,99,,,,,,
,,,,,56900,98.0,98,,,,,,
,,,,,56998,98.0,98,,,,,,
,,,,,57000,,,0.6494413018226624,39.613563537597656,39.766998291015625,33.867191314697266,0.027999999999999997,0.0005
,,,,,57096,98.0,98,,,,,,
,,,,,57194,98.0,98,,,,,,
,,,,,57289,95.0,95,,,,,,
,,,,,57386,97.0,97,,,,,,
,,,,,57489,103.0,103,,,,,,
99.1,1.868154,101.0,96.0,99.1,57500,,,0.09565860778093338,41.36223220825195,41.34825897216797,3.4104156494140625,0.026666666666666672,0.0005
,,,,,57588,99.0,99,,,,,,
,,,,,57611,23.0,23,,,,,,
,,,,,57708,97.0,97,,,,,,
,,,,,57804,96.0,96,,,,,,
,,,,,57836,32.0,32,,,,,,
,,,,,57935,99.0,99,,,,,,
,,,,,57953,18.0,18,,,,,,
,,,,,58000,,,0.19564303755760193,41.7999267578125,41.861976623535156,10.23740005493164,0.025333333333333333,0.0005
,,,,,58047,94.0,94,,,,,,
,,,,,58144,97.0,97,,,,,,
,,,,,58245,101.0,101,,,,,,
,,,,,58344,99.0,99,,,,,,
,,,,,58441,97.0,97,,,,,,
,,,,,58539,98.0,98,,,,,,
,,,,,58638,99.0,99,,,,,,
,,,,,58732,94.0,94,,,,,,
,,,,,58823,91.0,91,,,,,,
,,,,,58916,93.0,93,,,,,,
,,,,,59000,,,0.3210994303226471,42.574180603027344,42.621009826660156,13.035636901855469,0.02266666666666667,0.0005
,,,,,59015,99.0,99,,,,,,
,,,,,59109,94.0,94,,,,,,
,,,,,59202,93.0,93,,,,,,
,,,,,59300,98.0,98,,,,,,
,,,,,59398,98.0,98,,,,,,
,,,,,59496,98.0,98,,,,,,
,,,,,59591,95.0,95,,,,,,
,,,,,59689,98.0,98,,,,,,
,,,,,59786,97.0,97,,,,,,
,,,,,59879,93.0,93,,,,,,
,,,,,59975,96.0,96,,,,,,
97.8,2.2715633,101.0,94.0,97.8,60000,,,0.27063101530075073,41.13502502441406,41.073387145996094,3.407697916030884,0.02,0.0005
,,,,,60072,97.0,97,,,,,,
,,,,,60171,99.0,99,,,,,,
,,,,,60268,97.0,97,,,,,,
,,,,,60367,99.0,99,,,,,,
,,,,,60463,96.0,96,,,,,,
,,,,,60557,94.0,94,,,,,,
,,,,,60653,96.0,96,,,,,,
,,,,,60747,94.0,94,,,,,,
,,,,,60843,96.0,96,,,,,,
,,,,,60935,92.0,92,,,,,,
,,,,,61000,,,0.15525338053703308,42.34361267089844,42.38016128540039,3.666494131088257,0.02,0.0005
,,,,,61029,94.0,94,,,,,,
,,,,,61123,94.0,94,,,,,,
,,,,,61218,95.0,95,,,,,,
,,,,,61313,95.0,95,,,,,,
,,,,,61414,101.0,101,,,,,,
,,,,,61512,98.0,98,,,,,,
,,,,,61604,92.0,92,,,,,,
,,,,,61702,98.0,98,,,,,,
,,,,,61801,99.0,99,,,,,,
,,,,,61896,95.0,95,,,,,,
,,,,,61995,99.0,99,,,,,,
,,,,,62000,,,0.1551426351070404,42.38860321044922,42.363059997558594,6.085395812988281,0.02,0.0005
,,,,,62006,11.0,11,,,,,,
,,,,,62102,96.0,96,,,,,,
,,,,,62201,99.0,99,,,,,,
,,,,,62298,97.0,97,,,,,,
,,,,,62390,92.0,92,,,,,,
,,,,,62489,99.0,99,,,,,,
97.9,1.5132747,100.0,95.0,97.9,62500,,,0.16938650608062744,42.201988220214844,42.25855255126953,8.673114776611328,0.02,0.0005
,,,,,62585,96.0,96,,,,,,
,,,,,62685,100.0,100,,,,,,
,,,,,62782,97.0,97,,,,,,
,,,,,62878,96.0,96,,,,,,
,,,,,62971,93.0,93,,,,,,
,,,,,63000,,,0.0899207592010498,44.61913299560547,44.62482833862305,6.157973289489746,0.02,0.0005
,,,,,63064,93.0,93,,,,,,
,,,,,63164,100.0,100,,,,,,
,,,,,63263,99.0,99,,,,,,
,,,,,63358,95.0,95,,,,,,
,,,,,63457,99.0,99,,,,,,
,,,,,63553,96.0,96,,,,,,
,,,,,63650,97.0,97,,,,,,
,,,,,63745,95.0,95,,,,,,
,,,,,63838,93.0,93,,,,,,
,,,,,63933,95.0,95,,,,,,
,,,,,64000,,,0.1544642150402069,43.17262649536133,43.175086975097656,9.7046480178833,0.02,0.0005
,,,,,64032,99.0,99,,,,,,
,,,,,64129,97.0,97,,,,,,
,,,,,64226,97.0,97,,,,,,
,,,,,64327,101.0,101,,,,,,
,,,,,64428,101.0,101,,,,,,
,,,,,64523,95.0,95,,,,,,
,,,,,64637,114.0,114,,,,,,
,,,,,64731,94.0,94,,,,,,
,,,,,64829,98.0,98,,,,,,
,,,,,64929,100.0,100,,,,,,
97.7,2.3259408,101.0,94.0,97.7,65000,,,0.6215509176254272,41.98218536376953,42.072662353515625,23.43286895751953,0.02,0.0005
,,,,,65026,97.0,97,,,,,,
,,,,,65123,97.0,97,,,,,,
,,,,,65221,98.0,98,,,,,,
,,,,,65316,95.0,95,,,,,,
,,,,,65410,94.0,94,,,,,,
,,,,,65508,98.0,98,,,,,,
,,,,,65601,93.0,93,,,,,,
,,,,,65698,97.0,97,,,,,,
,,,,,65795,97.0,97,,,,,,
,,,,,65894,99.0,99,,,,,,
,,,,,65907,13.0,13,,,,,,
,,,,,66000,,,0.2013425976037979,44.532379150390625,44.507171630859375,19.159202575683594,0.02,0.0005
,,,,,66004,97.0,97,,,,,,
,,,,,66098,94.0,94,,,,,,
,,,,,66196,98.0,98,,,,,,
,,,,,66289,93.0,93,,,,,,
,,,,,66315,26.0,26,,,,,,
,,,,,66415,100.0,100,,,,,,
,,,,,66514,99.0,99,,,,,,
,,,,,66611,97.0,97,,,,,,
,,,,,66714,103.0,103,,,,,,
,,,,,66812,98.0,98,,,,,,
,,,,,66908,96.0,96,,,,,,
,,,,,67000,,,0.33609384298324585,44.65745162963867,44.68880081176758,9.184295654296875,0.02,0.0005
,,,,,67008,100.0,100,,,,,,
,,,,,67109,101.0,101,,,,,,
,,,,,67209,100.0,100,,,,,,
,,,,,67221,12.0,12,,,,,,
,,,,,67314,93.0,93,,,,,,
,,,,,67410,96.0,96,,,,,,
97.6,2.3748684,102.0,94.0,97.6,67500,,,0.5624390840530396,45.09815979003906,45.00481414794922,10.974221229553223,0.02,0.0005
,,,,,67508,98.0,98,,,,,,
,,,,,67609,101.0,101,,,,,,
,,,,,67707,98.0,98,,,,,,
,,,,,67808,101.0,101,,,,,,
,,,,,67903,95.0,95,,,,,,
,,,,,68000,,,0.2309827208518982,45.4222526550293,45.32353973388672,13.63589859008789,0.02,0.0005
,,,,,68005,102.0,102,,,,,,
,,,,,68103,98.0,98,,,,,,
,,,,,68199,96.0,96,,,,,,
,,,,,68300,101.0,101,,,,,,
,,,,,68398,98.0,98,,,,,,
,,,,,68500,102.0,102,,,,,,
,,,,,68601,101.0,101,,,,,,
,,,,,68700,99.0,99,,,,,,
,,,,,68797,97.0,97,,,,,,
,,,,,68897,100.0,100,,,,,,
,,,,,68994,97.0,97,,,,,,
,,,,,69000,,,0.5175399780273438,46.88664627075195,46.84054946899414,26.699262619018555,0.02,0.0005
,,,,,69091,97.0,97,,,,,,
,,,,,69189,98.0,98,,,,,,
,,,,,69285,96.0,96,,,,,,
,,,,,69380,95.0,95,,,,,,
,,,,,69477,97.0,97,,,,,,
,,,,,69573,96.0,96,,,,,,
,,,,,69672,99.0,99,,,,,,
,,,,,69767,95.0,95,,,,,,
,,,,,69779,12.0,12,,,,,,
,,,,,69878,99.0,99,,,,,,
,,,,,69976,98.0,98,,,,,,
98.6,1.9078784,102.0,95.0,98.6,70000,,,0.2568511664867401,46.87495803833008,46.77104568481445,15.448524475097656,0.02,0.0005
,,,,,70075,99.0,99,,,,,,
,,,,,70171,96.0,96,,,,,,
,,,,,70266,95.0,95,,,,,,
,,,,,70369,103.0,103,,,,,,
,,,,,70465,96.0,96,,,,,,
,,,,,70560,95.0,95,,,,,,
,,,,,70664,104.0,104,,,,,,
,,,,,70763,99.0,99,,,,,,
,,,,,70859,96.0,96,,,,,,
,,,,,70957,98.0,98,,,,,,
,,,,,71000,,,0.14710572361946106,46.88383102416992,46.74200439453125,9.852476119995117,0.02,0.0005
,,,,,71051,94.0,94,,,,,,
,,,,,71148,97.0,97,,,,,,
,,,,,71244,96.0,96,,,,,,
,,,,,71257,13.0,13,,,,,,
,,,,,71352,95.0,95,,,,,,
,,,,,71455,103.0,103,,,,,,
,,,,,71553,98.0,98,,,,,,
,,,,,71650,97.0,97,,,,,,
,,,,,71745,95.0,95,,,,,,
,,,,,71840,95.0,95,,,,,,
,,,,,71868,28.0,28,,,,,,
,,,,,71965,97.0,97,,,,,,
,,,,,72000,,,2.9604711532592773,46.159912109375,46.14637756347656,48.35380554199219,0.02,0.0005
,,,,,72058,93.0,93,,,,,,
,,,,,72158,100.0,100,,,,,,
,,,,,72255,97.0,97,,,,,,
,,,,,72354,99.0,99,,,,,,
,,,,,72453,99.0,99,,,,,,
98.0,2.280351,102.0,95.0,98.0,72500,,,0.1854013353586197,45.88340377807617,45.899696350097656,12.662275314331055,0.02,0.0005
,,,,,72550,97.0,97,,,,,,
,,,,,72651,101.0,101,,,,,,
,,,,,72747,96.0,96,,,,,,
,,,,,72848,101.0,101,,,,,,
,,,,,72948,100.0,100,,,,,,
,,,,,73000,,,0.7432586550712585,45.965572357177734,46.001548767089844,22.315963745117188,0.02,0.0005
,,,,,73045,97.0,97,,,,,,
,,,,,73145,100.0,100,,,,,,
,,,,,73241,96.0,96,,,,,,
,,,,,73341,100.0,100,,,,,,
,,,,,73440,99.0,99,,,,,,
,,,,,73542,102.0,102,,,,,,
,,,,,73638,96.0,96,,,,,,
,,,,,73737,99.0,99,,,,,,
,,,,,73834,97.0,97,,,,,,
,,,,,73933,99.0,99,,,,,,
,,,,,74000,,,0.20812904834747314,45.09061050415039,45.161888122558594,21.264144897460938,0.02,0.0005
,,,,,74030,97.0,97,,,,,,
,,,,,74126,96.0,96,,,,,,
,,,,,74224,98.0,98,,,,,,
,,,,,74320,96.0,96,,,,,,
,,,,,74416,96.0,96,,,,,,
,,,,,74515,99.0,99,,,,,,
,,,,,74615,100.0,100,,,,,,
,,,,,74711,96.0,96,,,,,,
,,,,,74809,98.0,98,,,,,,
,,,,,74905,96.0,96,,,,,,
97.7,1.7349352,100.0,94.0,97.7,75000,,,0.12836743891239166,45.89445877075195,45.9895133972168,7.188225746154785,0.02,0.0005
,,,,,75002,97.0,97,,,,,,
,,,,,75098,96.0,96,,,,,,
,,,,,75199,101.0,101,,,,,,
,,,,,75299,100.0,100,,,,,,
,,,,,75406,107.0,107,,,,,,
,,,,,75508,102.0,102,,,,,,
,,,,,75605,97.0,97,,,,,,
,,,,,75704,99.0,99,,,,,,
,,,,,75806,102.0,102,,,,,,
,,,,,75901,95.0,95,,,,,,
,,,,,76000,,,0.3898465633392334,47.20927810668945,47.272212982177734,8.050850868225098,0.02,0.0005
,,,,,76003,102.0,102,,,,,,
,,,,,76016,13.0,13,,,,,,
,,,,,76117,101.0,101,,,,,,
,,,,,76217,100.0,100,,,,,,
,,,,,76311,94.0,94,,,,,,
,,,,,76410,99.0,99,,,,,,
,,,,,76514,104.0,104,,,,,,
,,,,,76620,106.0,106,,,,,,
,,,,,76723,103.0,103,,,,,,
,,,,,76829,106.0,106,,,,,,
,,,,,76931,102.0,102,,,,,,
,,,,,77000,,,0.3416799008846283,48.00722885131836,47.88824462890625,8.817818641662598,0.02,0.0005
,,,,,77035,104.0,104,,,,,,
,,,,,77137,102.0,102,,,,,,
,,,,,77233,96.0,96,,,,,,
,,,,,77337,104.0,104,,,,,,
,,,,,77445,108.0,108,,,,,,
101.9,3.6180103,107.0,95.0,101.9,77500,,,1.6947838068008423,49.602210998535156,49.74037170410156,67.63427734375,0.02,0.0005
,,,,,77549,104.0,104,,,,,,
,,,,,77648,99.0,99,,,,,,
,,,,,77747,99.0,99,,,,,,
,,,,,77852,105.0,105,,,,,,
,,,,,77950,98.0,98,,,,,,
,,,,,78000,,,0.2831868529319763,44.631866455078125,44.73923873901367,11.165321350097656,0.02,0.0005
,,,,,78045,95.0,95,,,,,,
,,,,,78154,109.0,109,,,,,,
,,,,,78263,109.0,109,,,,,,
,,,,,78329,66.0,66,,,,,,
,,,,,78440,111.0,111,,,,,,
,,,,,78550,110.0,110,,,,,,
,,,,,78651,101.0,101,,,,,,
,,,,,78758,107.0,107,,,,,,
,,,,,78866,108.0,108,,,,,,
,,,,,78980,114.0,114,,,,,,
,,,,,79000,,,0.3131200969219208,46.73036193847656,46.678958892822266,12.572107315063477,0.02,0.0005
,,,,,79093,113.0,113,,,,,,
,,,,,79235,142.0,142,,,,,,
,,,,,79347,112.0,112,,,,,,
,,,,,79465,118.0,118,,,,,,
,,,,,79579,114.0,114,,,,,,
,,,,,79718,139.0,139,,,,,,
,,,,,79833,115.0,115,,,,,,
,,,,,79948,115.0,115,,,,,,
113.4,1.56205,116.0,112.0,113.4,80000,,,0.23824542760849,45.196571350097656,45.349456787109375,12.565389633178711,0.02,0.0005
,,,,,80060,112.0,112,,,,,,
,,,,,80124,64.0,64,,,,,,
,,,,,80241,117.0,117,,,,,,
,,,,,80358,117.0,117,,,,,,
,,,,,80471,113.0,113,,,,,,
,,,,,80971,500.0,500,,,,,,
,,,,,81000,,,0.5930483341217041,48.11701965332031,48.18855285644531,23.509244918823242,0.02,0.0005
,,,,,81471,500.0,500,,,,,,
,,,,,81971,500.0,500,,,,,,
,,,,,82000,,,0.1695273518562317,49.976539611816406,50.04001235961914,6.073831558227539,0.02,0.0005
,,,,,82108,137.0,137,,,,,,
,,,,,82118,10.0,10,,,,,,
462.6,112.2,500.0,126.0,462.6,82500,,,0.15153977274894714,48.686668395996094,48.65913391113281,4.2622880935668945,0.02,0.0005
,,,,,82618,500.0,500,,,,,,
,,,,,83000,,,0.25003957748413086,50.953529357910156,51.031089782714844,23.5228271484375,0.02,0.0005
,,,,,83118,500.0,500,,,,,,
,,,,,83618,500.0,500,,,,,,
,,,,,84000,,,0.2878733277320862,50.604713439941406,50.61323547363281,5.949195861816406,0.02,0.0005
,,,,,84118,500.0,500,,,,,,
,,,,,84618,500.0,500,,,,,,
500.0,0.0,500.0,500.0,500.0,85000,,,0.5297747254371643,49.39681625366211,49.47412872314453,19.81121063232422,0.02,0.0005
,,,,,85118,500.0,500,,,,,,
,,,,,85618,500.0,500,,,,,,
,,,,,86000,,,1.8599315881729126,51.09293746948242,51.27375411987305,85.19577026367188,0.02,0.0005
,,,,,86118,500.0,500,,,,,,
,,,,,86350,232.0,232,,,,,,
,,,,,86821,471.0,471,,,,,,
,,,,,87000,,,0.44820669293403625,49.08634567260742,48.98674774169922,36.94577407836914,0.02,0.0005
,,,,,87044,223.0,223,,,,,,
,,,,,87226,182.0,182,,,,,,
,,,,,87416,190.0,190,,,,,,
186.5,4.2011905,194.0,180.0,186.5,87500,,,0.4580344259738922,49.46558380126953,49.568931579589844,8.010602951049805,0.02,0.0005
,,,,,87600,184.0,184,,,,,,
,,,,,87796,196.0,196,,,,,,
,,,,,88000,,,0.18109320104122162,52.353885650634766,52.39158630371094,3.456317901611328,0.02,0.0005
,,,,,88031,235.0,235,,,,,,
,,,,,88235,204.0,204,,,,,,
,,,,,88401,166.0,166,,,,,,
,,,,,88578,177.0,177,,,,,,
,,,,,88771,193.0,193,,,,,,
,,,,,89000,,,0.30336883664131165,49.324127197265625,49.340877532958984,7.3968706130981445,0.02,0.0005
,,,,,89271,500.0,500,,,,,,
,,,,,89507,236.0,236,,,,,,
168.0,9.044335,187.0,157.0,168.0,90000,,,1.172663688659668,51.54750061035156,51.62552261352539,54.636592864990234,0.02,0.0005
,,,,,90007,500.0,500,,,,,,
,,,,,90207,200.0,200,,,,,,
,,,,,90464,257.0,257,,,,,,
,,,,,90545,81.0,81,,,,,,
,,,,,90715,170.0,170,,,,,,
,,,,,91000,,,0.1914803683757782,51.54553985595703,51.54931640625,8.849947929382324,0.02,0.0005
,,,,,91152,437.0,437,,,,,,
,,,,,91652,500.0,500,,,,,,
,,,,,92000,,,0.24668917059898376,54.41408157348633,54.5316047668457,11.548561096191406,0.02,0.0005
,,,,,92055,403.0,403,,,,,,
,,,,,92149,94.0,94,,,,,,
,,,,,92302,153.0,153,,,,,,
,,,,,92418,116.0,116,,,,,,
103.2,1.2489997,105.0,101.0,103.2,92500,,,23.31031036376953,52.81578063964844,52.350669860839844,45.225677490234375,0.02,0.0005
,,,,,92544,126.0,126,,,,,,
,,,,,92697,153.0,153,,,,,,
,,,,,92861,164.0,164,,,,,,
,,,,,93000,,,0.5526648759841919,55.63298797607422,55.65657043457031,14.792740821838379,0.02,0.0005
,,,,,93041,180.0,180,,,,,,
,,,,,93230,189.0,189,,,,,,
,,,,,93390,160.0,160,,,,,,
,,,,,93553,163.0,163,,,,,,
,,,,,93710,157.0,157,,,,,,
,,,,,94000,,,0.6428053379058838,53.78593444824219,53.66876983642578,18.304664611816406,0.02,0.0005
,,,,,94210,500.0,500,,,,,,
,,,,,94710,500.0,500,,,,,,
,,,,,94931,221.0,221,,,,,,
106.2,2.5612497,111.0,103.0,106.2,95000,,,5.954156875610352,55.94804000854492,55.88395690917969,114.95164489746094,0.02,0.0005
,,,,,95431,500.0,500,,,,,,
,,,,,95896,465.0,465,,,,,,
,,,,,96000,,,0.2667436897754669,57.53563690185547,57.60038757324219,10.956424713134766,0.02,0.0005
,,,,,96369,473.0,473,,,,,,
,,,,,96559,190.0,190,,,,,,
,,,,,96854,295.0,295,,,,,,
,,,,,96920,66.0,66,,,,,,
,,,,,97000,,,0.17382632195949554,56.915191650390625,56.966468811035156,8.249865531921387,0.02,0.0005
,,,,,97038,118.0,118,,,,,,
,,,,,97154,116.0,116,,,,,,
,,,,,97330,176.0,176,,,,,,
121.0,1.9493588,124.0,117.0,121.0,97500,,,0.7554047107696533,54.466064453125,54.545204162597656,21.396854400634766,0.02,0.0005
,,,,,97789,459.0,459,,,,,,
,,,,,97911,122.0,122,,,,,,
,,,,,98000,,,12.773287773132324,55.015254974365234,54.742794036865234,234.20074462890625,0.02,0.0005
,,,,,98027,116.0,116,,,,,,
,,,,,98226,199.0,199,,,,,,
,,,,,98659,433.0,433,,,,,,
,,,,,99000,,,0.755730152130127,54.488739013671875,54.2657470703125,42.78937530517578,0.02,0.0005
,,,,,99159,500.0,500,,,,,,
,,,,,99659,500.0,500,,,,,,
