Eval_AverageReturn,Eval_StdReturn,Eval_MaxReturn,Eval_MinReturn,Eval_AverageEpLen,step,Train_EpisodeReturn,Train_EpisodeLen,actor_loss,entropy,critic_loss,q_values,target_values,alpha,alpha_loss,actor_lr,critic_lr,temperature
7.2,5.173007,19.0,3.0,7.2,0,,,,,,,,,,,,
,,,,,2,3.0,3,,,,,,,,,,
,,,,,6,4.0,4,,,,,,,,,,
,,,,,13,7.0,7,,,,,,,,,,
,,,,,29,16.0,16,,,,,,,,,,
,,,,,33,4.0,4,,,,,,,,,,
,,,,,37,4.0,4,,,,,,,,,,
,,,,,44,7.0,7,,,,,,,,,,
,,,,,47,3.0,3,,,,,,,,,,
,,,,,55,8.0,8,,,,,,,,,,
,,,,,58,3.0,3,,,,,,,,,,
,,,,,62,4.0,4,,,,,,,,,,
,,,,,68,6.0,6,,,,,,,,,,
,,,,,71,3.0,3,,,,,,,,,,
,,,,,78,7.0,7,,,,,,,,,,
,,,,,85,7.0,7,,,,,,,,,,
,,,,,90,5.0,5,,,,,,,,,,
,,,,,95,5.0,5,,,,,,,,,,
,,,,,100,5.0,5,,,,,,,,,,
,,,,,106,6.0,6,,,,,,,,,,
,,,,,117,11.0,11,,,,,,,,,,
,,,,,120,3.0,3,,,,,,,,,,
,,,,,125,5.0,5,,,,,,,,,,
,,,,,128,3.0,3,,,,,,,,,,
,,,,,133,5.0,5,,,,,,,,,,
,,,,,136,3.0,3,,,,,,,,,,
,,,,,139,3.0,3,,,,,,,,,,
,,,,,143,4.0,4,,,,,,,,,,
,,,,,146,3.0,3,,,,,,,,,,
,,,,,152,6.0,6,,,,,,,,,,
,,,,,161,9.0,9,,,,,,,,,,
,,,,,165,4.0,4,,,,,,,,,,
,,,,,168,3.0,3,,,,,,,,,,
,,,,,173,5.0,5,,,,,,,,,,
,,,,,189,16.0,16,,,,,,,,,,
,,,,,193,4.0,4,,,,,,,,,,
,,,,,198,5.0,5,,,,,,,,,,
,,,,,201,3.0,3,,,,,,,,,,
,,,,,205,4.0,4,,,,,,,,,,
,,,,,212,7.0,7,,,,,,,,,,
,,,,,229,17.0,17,,,,,,,,,,
,,,,,235,6.0,6,,,,,,,,,,
,,,,,240,5.0,5,,,,,,,,,,
,,,,,245,5.0,5,,,,,,,,,,
,,,,,248,3.0,3,,,,,,,,,,
,,,,,253,5.0,5,,,,,,,,,,
,,,,,259,6.0,6,,,,,,,,,,
,,,,,262,3.0,3,,,,,,,,,,
,,,,,267,5.0,5,,,,,,,,,,
,,,,,273,6.0,6,,,,,,,,,,
,,,,,279,6.0,6,,,,,,,,,,
,,,,,287,8.0,8,,,,,,,,,,
,,,,,294,7.0,7,,,,,,,,,,
,,,,,305,11.0,11,,,,,,,,,,
,,,,,309,4.0,4,,,,,,,,,,
,,,,,315,6.0,6,,,,,,,,,,
,,,,,319,4.0,4,,,,,,,,,,
,,,,,325,6.0,6,,,,,,,,,,
,,,,,333,8.0,8,,,,,,,,,,
,,,,,337,4.0,4,,,,,,,,,,
,,,,,343,6.0,6,,,,,,,,,,
,,,,,346,3.0,3,,,,,,,,,,
,,,,,349,3.0,3,,,,,,,,,,
,,,,,353,4.0,4,,,,,,,,,,
,,,,,356,3.0,3,,,,,,,,,,
,,,,,360,4.0,4,,,,,,,,,,
,,,,,365,5.0,5,,,,,,,,,,
,,,,,370,5.0,5,,,,,,,,,,
,,,,,375,5.0,5,,,,,,,,,,
,,,,,380,5.0,5,,,,,,,,,,
,,,,,388,8.0,8,,,,,,,,,,
,,,,,393,5.0,5,,,,,,,,,,
,,,,,396,3.0,3,,,,,,,,,,
,,,,,400,4.0,4,,,,,,,,,,
,,,,,404,4.0,4,,,,,,,,,,
,,,,,416,12.0,12,,,,,,,,,,
,,,,,422,6.0,6,,,,,,,,,,
,,,,,426,4.0,4,,,,,,,,,,
,,,,,434,8.0,8,,,,,,,,,,
,,,,,437,3.0,3,,,,,,,,,,
,,,,,443,6.0,6,,,,,,,,,,
,,,,,446,3.0,3,,,,,,,,,,
,,,,,449,3.0,3,,,,,,,,,,
,,,,,452,3.0,3,,,,,,,,,,
,,,,,456,4.0,4,,,,,,,,,,
,,,,,460,4.0,4,,,,,,,,,,
,,,,,467,7.0,7,,,,,,,,,,
,,,,,471,4.0,4,,,,,,,,,,
,,,,,476,5.0,5,,,,,,,,,,
,,,,,489,13.0,13,,,,,,,,,,
,,,,,495,6.0,6,,,,,,,,,,
,,,,,498,3.0,3,,,,,,,,,,
,,,,,502,4.0,4,,,,,,,,,,
,,,,,505,3.0,3,,,,,,,,,,
,,,,,508,3.0,3,,,,,,,,,,
,,,,,511,3.0,3,,,,,,,,,,
,,,,,521,10.0,10,,,,,,,,,,
,,,,,541,20.0,20,,,,,,,,,,
,,,,,545,4.0,4,,,,,,,,,,
,,,,,551,6.0,6,,,,,,,,,,
,,,,,555,4.0,4,,,,,,,,,,
,,,,,559,4.0,4,,,,,,,,,,
,,,,,566,7.0,7,,,,,,,,,,
,,,,,569,3.0,3,,,,,,,,,,
,,,,,583,14.0,14,,,,,,,,,,
,,,,,589,6.0,6,,,,,,,,,,
,,,,,601,12.0,12,,,,,,,,,,
,,,,,604,3.0,3,,,,,,,,,,
,,,,,610,6.0,6,,,,,,,,,,
,,,,,615,5.0,5,,,,,,,,,,
,,,,,624,9.0,9,,,,,,,,,,
,,,,,639,15.0,15,,,,,,,,,,
,,,,,642,3.0,3,,,,,,,,,,
,,,,,651,9.0,9,,,,,,,,,,
,,,,,656,5.0,5,,,,,,,,,,
,,,,,677,21.0,21,,,,,,,,,,
,,,,,681,4.0,4,,,,,,,,,,
,,,,,690,9.0,9,,,,,,,,,,
,,,,,694,4.0,4,,,,,,,,,,
,,,,,697,3.0,3,,,,,,,,,,
,,,,,702,5.0,5,,,,,,,,,,
,,,,,706,4.0,4,,,,,,,,,,
,,,,,709,3.0,3,,,,,,,,,,
,,,,,718,9.0,9,,,,,,,,,,
,,,,,728,10.0,10,,,,,,,,,,
,,,,,737,9.0,9,,,,,,,,,,
,,,,,748,11.0,11,,,,,,,,,,
,,,,,751,3.0,3,,,,,,,,,,
,,,,,755,4.0,4,,,,,,,,,,
,,,,,758,3.0,3,,,,,,,,,,
,,,,,761,3.0,3,,,,,,,,,,
,,,,,768,7.0,7,,,,,,,,,,
,,,,,773,5.0,5,,,,,,,,,,
,,,,,785,12.0,12,,,,,,,,,,
,,,,,794,9.0,9,,,,,,,,,,
,,,,,798,4.0,4,,,,,,,,,,
,,,,,804,6.0,6,,,,,,,,,,
,,,,,807,3.0,3,,,,,,,,,,
,,,,,812,5.0,5,,,,,,,,,,
,,,,,817,5.0,5,,,,,,,,,,
,,,,,824,7.0,7,,,,,,,,,,
,,,,,828,4.0,4,,,,,,,,,,
,,,,,832,4.0,4,,,,,,,,,,
,,,,,836,4.0,4,,,,,,,,,,
,,,,,839,3.0,3,,,,,,,,,,
,,,,,848,9.0,9,,,,,,,,,,
,,,,,851,3.0,3,,,,,,,,,,
,,,,,868,17.0,17,,,,,,,,,,
,,,,,875,7.0,7,,,,,,,,,,
,,,,,878,3.0,3,,,,,,,,,,
,,,,,883,5.0,5,,,,,,,,,,
,,,,,887,4.0,4,,,,,,,,,,
,,,,,892,5.0,5,,,,,,,,,,
,,,,,897,5.0,5,,,,,,,,,,
,,,,,900,3.0,3,,,,,,,,,,
,,,,,904,4.0,4,,,,,,,,,,
,,,,,908,4.0,4,,,,,,,,,,
,,,,,912,4.0,4,,,,,,,,,,
,,,,,919,7.0,7,,,,,,,,,,
,,,,,925,6.0,6,,,,,,,,,,
,,,,,928,3.0,3,,,,,,,,,,
,,,,,933,5.0,5,,,,,,,,,,
,,,,,945,12.0,12,,,,,,,,,,
,,,,,949,4.0,4,,,,,,,,,,
,,,,,954,5.0,5,,,,,,,,,,
,,,,,958,4.0,4,,,,,,,,,,
,,,,,966,8.0,8,,,,,,,,,,
,,,,,970,4.0,4,,,,,,,,,,
,,,,,975,5.0,5,,,,,,,,,,
,,,,,978,3.0,3,,,,,,,,,,
,,,,,985,7.0,7,,,,,,,,,,
,,,,,992,7.0,7,,,,,,,,,,
,,,,,999,7.0,7,,,,,,,,,,
,,,,,1002,3.0,3,,,,,,,,,,
,,,,,1005,3.0,3,,,,,,,,,,
,,,,,1009,4.0,4,,,,,,,,,,
,,,,,1020,11.0,11,,,,,,,,,,
,,,,,1026,6.0,6,,,,,,,,,,
,,,,,1031,5.0,5,,,,,,,,,,
,,,,,1034,3.0,3,,,,,,,,,,
,,,,,1038,4.0,4,,,,,,,,,,
,,,,,1041,3.0,3,,,,,,,,,,
,,,,,1057,16.0,16,,,,,,,,,,
,,,,,1072,15.0,15,,,,,,,,,,
,,,,,1079,7.0,7,,,,,,,,,,
,,,,,1083,4.0,4,,,,,,,,,,
,,,,,1086,3.0,3,,,,,,,,,,
,,,,,1089,3.0,3,,,,,,,,,,
,,,,,1101,12.0,12,,,,,,,,,,
,,,,,1124,23.0,23,,,,,,,,,,
,,,,,1128,4.0,4,,,,,,,,,,
,,,,,1134,6.0,6,,,,,,,,,,
,,,,,1145,11.0,11,,,,,,,,,,
,,,,,1148,3.0,3,,,,,,,,,,
,,,,,1151,3.0,3,,,,,,,,,,
,,,,,1154,3.0,3,,,,,,,,,,
,,,,,1161,7.0,7,,,,,,,,,,
,,,,,1164,3.0,3,,,,,,,,,,
,,,,,1167,3.0,3,,,,,,,,,,
,,,,,1171,4.0,4,,,,,,,,,,
,,,,,1176,5.0,5,,,,,,,,,,
,,,,,1179,3.0,3,,,,,,,,,,
,,,,,1183,4.0,4,,,,,,,,,,
,,,,,1186,3.0,3,,,,,,,,,,
,,,,,1195,9.0,9,,,,,,,,,,
,,,,,1204,9.0,9,,,,,,,,,,
,,,,,1214,10.0,10,,,,,,,,,,
,,,,,1225,11.0,11,,,,,,,,,,
,,,,,1238,13.0,13,,,,,,,,,,
,,,,,1247,9.0,9,,,,,,,,,,
,,,,,1256,9.0,9,,,,,,,,,,
,,,,,1261,5.0,5,,,,,,,,,,
,,,,,1267,6.0,6,,,,,,,,,,
,,,,,1270,3.0,3,,,,,,,,,,
,,,,,1275,5.0,5,,,,,,,,,,
,,,,,1287,12.0,12,,,,,,,,,,
,,,,,1291,4.0,4,,,,,,,,,,
,,,,,1296,5.0,5,,,,,,,,,,
,,,,,1301,5.0,5,,,,,,,,,,
,,,,,1305,4.0,4,,,,,,,,,,
,,,,,1312,7.0,7,,,,,,,,,,
,,,,,1316,4.0,4,,,,,,,,,,
,,,,,1324,8.0,8,,,,,,,,,,
,,,,,1335,11.0,11,,,,,,,,,,
,,,,,1349,14.0,14,,,,,,,,,,
,,,,,1352,3.0,3,,,,,,,,,,
,,,,,1356,4.0,4,,,,,,,,,,
,,,,,1359,3.0,3,,,,,,,,,,
,,,,,1362,3.0,3,,,,,,,,,,
,,,,,1370,8.0,8,,,,,,,,,,
,,,,,1373,3.0,3,,,,,,,,,,
,,,,,1382,9.0,9,,,,,,,,,,
,,,,,1400,18.0,18,,,,,,,,,,
,,,,,1412,12.0,12,,,,,,,,,,
,,,,,1419,7.0,7,,,,,,,,,,
,,,,,1427,8.0,8,,,,,,,,,,
,,,,,1430,3.0,3,,,,,,,,,,
,,,,,1435,5.0,5,,,,,,,,,,
,,,,,1445,10.0,10,,,,,,,,,,
,,,,,1448,3.0,3,,,,,,,,,,
,,,,,1453,5.0,5,,,,,,,,,,
,,,,,1457,4.0,4,,,,,,,,,,
,,,,,1467,10.0,10,,,,,,,,,,
,,,,,1473,6.0,6,,,,,,,,,,
,,,,,1476,3.0,3,,,,,,,,,,
,,,,,1479,3.0,3,,,,,,,,,,
,,,,,1483,4.0,4,,,,,,,,,,
,,,,,1487,4.0,4,,,,,,,,,,
,,,,,1490,3.0,3,,,,,,,,,,
,,,,,1512,22.0,22,,,,,,,,,,
,,,,,1518,6.0,6,,,,,,,,,,
,,,,,1523,5.0,5,,,,,,,,,,
,,,,,1534,11.0,11,,,,,,,,,,
,,,,,1540,6.0,6,,,,,,,,,,
,,,,,1546,6.0,6,,,,,,,,,,
,,,,,1553,7.0,7,,,,,,,,,,
,,,,,1556,3.0,3,,,,,,,,,,
,,,,,1568,12.0,12,,,,,,,,,,
,,,,,1572,4.0,4,,,,,,,,,,
,,,,,1577,5.0,5,,,,,,,,,,
,,,,,1590,13.0,13,,,,,,,,,,
,,,,,1593,3.0,3,,,,,,,,,,
,,,,,1597,4.0,4,,,,,,,,,,
,,,,,1601,4.0,4,,,,,,,,,,
,,,,,1604,3.0,3,,,,,,,,,,
,,,,,1610,6.0,6,,,,,,,,,,
,,,,,1615,5.0,5,,,,,,,,,,
,,,,,1619,4.0,4,,,,,,,,,,
,,,,,1633,14.0,14,,,,,,,,,,
,,,,,1649,16.0,16,,,,,,,,,,
,,,,,1657,8.0,8,,,,,,,,,,
,,,,,1661,4.0,4,,,,,,,,,,
,,,,,1664,3.0,3,,,,,,,,,,
,,,,,1669,5.0,5,,,,,,,,,,
,,,,,1680,11.0,11,,,,,,,,,,
,,,,,1686,6.0,6,,,,,,,,,,
,,,,,1694,8.0,8,,,,,,,,,,
,,,,,1699,5.0,5,,,,,,,,,,
,,,,,1704,5.0,5,,,,,,,,,,
,,,,,1723,19.0,19,,,,,,,,,,
,,,,,1726,3.0,3,,,,,,,,,,
,,,,,1739,13.0,13,,,,,,,,,,
,,,,,1746,7.0,7,,,,,,,,,,
,,,,,1753,7.0,7,,,,,,,,,,
,,,,,1758,5.0,5,,,,,,,,,,
,,,,,1762,4.0,4,,,,,,,,,,
,,,,,1767,5.0,5,,,,,,,,,,
,,,,,1770,3.0,3,,,,,,,,,,
,,,,,1775,5.0,5,,,,,,,,,,
,,,,,1802,27.0,27,,,,,,,,,,
,,,,,1805,3.0,3,,,,,,,,,,
,,,,,1810,5.0,5,,,,,,,,,,
,,,,,1816,6.0,6,,,,,,,,,,
,,,,,1820,4.0,4,,,,,,,,,,
,,,,,1827,7.0,7,,,,,,,,,,
,,,,,1834,7.0,7,,,,,,,,,,
,,,,,1843,9.0,9,,,,,,,,,,
,,,,,1854,11.0,11,,,,,,,,,,
,,,,,1857,3.0,3,,,,,,,,,,
,,,,,1863,6.0,6,,,,,,,,,,
,,,,,1871,8.0,8,,,,,,,,,,
,,,,,1886,15.0,15,,,,,,,,,,
,,,,,1891,5.0,5,,,,,,,,,,
,,,,,1903,12.0,12,,,,,,,,,,
,,,,,1906,3.0,3,,,,,,,,,,
,,,,,1910,4.0,4,,,,,,,,,,
,,,,,1920,10.0,10,,,,,,,,,,
,,,,,1928,8.0,8,,,,,,,,,,
,,,,,1933,5.0,5,,,,,,,,,,
,,,,,1936,3.0,3,,,,,,,,,,
,,,,,1944,8.0,8,,,,,,,,,,
,,,,,1954,10.0,10,,,,,,,,,,
,,,,,1961,7.0,7,,,,,,,,,,
,,,,,1965,4.0,4,,,,,,,,,,
,,,,,1968,3.0,3,,,,,,,,,,
,,,,,1988,20.0,20,,,,,,,,,,
,,,,,1991,3.0,3,,,,,,,,,,
,,,,,1999,8.0,8,,,,,,,,,,
,,,,,2005,6.0,6,,,,,,,,,,
,,,,,2009,4.0,4,,,,,,,,,,
,,,,,2013,4.0,4,,,,,,,,,,
,,,,,2021,8.0,8,,,,,,,,,,
,,,,,2025,4.0,4,,,,,,,,,,
,,,,,2034,9.0,9,,,,,,,,,,
,,,,,2048,14.0,14,,,,,,,,,,
,,,,,2053,5.0,5,,,,,,,,,,
,,,,,2064,11.0,11,,,,,,,,,,
,,,,,2072,8.0,8,,,,,,,,,,
,,,,,2077,5.0,5,,,,,,,,,,
,,,,,2081,4.0,4,,,,,,,,,,
,,,,,2086,5.0,5,,,,,,,,,,
,,,,,2092,6.0,6,,,,,,,,,,
,,,,,2098,6.0,6,,,,,,,,,,
,,,,,2102,4.0,4,,,,,,,,,,
,,,,,2108,6.0,6,,,,,,,,,,
,,,,,2111,3.0,3,,,,,,,,,,
,,,,,2125,14.0,14,,,,,,,,,,
,,,,,2132,7.0,7,,,,,,,,,,
,,,,,2148,16.0,16,,,,,,,,,,
,,,,,2152,4.0,4,,,,,,,,,,
,,,,,2159,7.0,7,,,,,,,,,,
,,,,,2168,9.0,9,,,,,,,,,,
,,,,,2174,6.0,6,,,,,,,,,,
,,,,,2178,4.0,4,,,,,,,,,,
,,,,,2181,3.0,3,,,,,,,,,,
,,,,,2195,14.0,14,,,,,,,,,,
,,,,,2199,4.0,4,,,,,,,,,,
,,,,,2204,5.0,5,,,,,,,,,,
,,,,,2210,6.0,6,,,,,,,,,,
,,,,,2216,6.0,6,,,,,,,,,,
,,,,,2221,5.0,5,,,,,,,,,,
,,,,,2232,11.0,11,,,,,,,,,,
,,,,,2239,7.0,7,,,,,,,,,,
,,,,,2252,13.0,13,,,,,,,,,,
,,,,,2255,3.0,3,,,,,,,,,,
,,,,,2262,7.0,7,,,,,,,,,,
,,,,,2266,4.0,4,,,,,,,,,,
,,,,,2283,17.0,17,,,,,,,,,,
,,,,,2288,5.0,5,,,,,,,,,,
,,,,,2291,3.0,3,,,,,,,,,,
,,,,,2294,3.0,3,,,,,,,,,,
,,,,,2300,6.0,6,,,,,,,,,,
,,,,,2304,4.0,4,,,,,,,,,,
,,,,,2308,4.0,4,,,,,,,,,,
,,,,,2318,10.0,10,,,,,,,,,,
,,,,,2326,8.0,8,,,,,,,,,,
,,,,,2337,11.0,11,,,,,,,,,,
,,,,,2348,11.0,11,,,,,,,,,,
,,,,,2353,5.0,5,,,,,,,,,,
,,,,,2357,4.0,4,,,,,,,,,,
,,,,,2361,4.0,4,,,,,,,,,,
,,,,,2365,4.0,4,,,,,,,,,,
,,,,,2369,4.0,4,,,,,,,,,,
,,,,,2373,4.0,4,,,,,,,,,,
,,,,,2383,10.0,10,,,,,,,,,,
,,,,,2390,7.0,7,,,,,,,,,,
,,,,,2393,3.0,3,,,,,,,,,,
,,,,,2396,3.0,3,,,,,,,,,,
,,,,,2404,8.0,8,,,,,,,,,,
,,,,,2415,11.0,11,,,,,,,,,,
,,,,,2418,3.0,3,,,,,,,,,,
,,,,,2427,9.0,9,,,,,,,,,,
,,,,,2431,4.0,4,,,,,,,,,,
,,,,,2436,5.0,5,,,,,,,,,,
,,,,,2440,4.0,4,,,,,,,,,,
,,,,,2453,13.0,13,,,,,,,,,,
,,,,,2463,10.0,10,,,,,,,,,,
,,,,,2467,4.0,4,,,,,,,,,,
,,,,,2473,6.0,6,,,,,,,,,,
,,,,,2482,9.0,9,,,,,,,,,,
,,,,,2485,3.0,3,,,,,,,,,,
,,,,,2494,9.0,9,,,,,,,,,,
,,,,,2501,7.0,7,,,,,,,,,,
,,,,,2508,7.0,7,,,,,,,,,,
,,,,,2518,10.0,10,,,,,,,,,,
,,,,,2526,8.0,8,,,,,,,,,,
,,,,,2534,8.0,8,,,,,,,,,,
,,,,,2545,11.0,11,,,,,,,,,,
,,,,,2556,11.0,11,,,,,,,,,,
,,,,,2559,3.0,3,,,,,,,,,,
,,,,,2571,12.0,12,,,,,,,,,,
,,,,,2579,8.0,8,,,,,,,,,,
,,,,,2583,4.0,4,,,,,,,,,,
,,,,,2588,5.0,5,,,,,,,,,,
,,,,,2594,6.0,6,,,,,,,,,,
,,,,,2598,4.0,4,,,,,,,,,,
,,,,,2608,10.0,10,,,,,,,,,,
,,,,,2612,4.0,4,,,,,,,,,,
,,,,,2619,7.0,7,,,,,,,,,,
,,,,,2625,6.0,6,,,,,,,,,,
,,,,,2632,7.0,7,,,,,,,,,,
,,,,,2638,6.0,6,,,,,,,,,,
,,,,,2669,31.0,31,,,,,,,,,,
,,,,,2678,9.0,9,,,,,,,,,,
,,,,,2681,3.0,3,,,,,,,,,,
,,,,,2684,3.0,3,,,,,,,,,,
,,,,,2690,6.0,6,,,,,,,,,,
,,,,,2698,8.0,8,,,,,,,,,,
,,,,,2703,5.0,5,,,,,,,,,,
,,,,,2707,4.0,4,,,,,,,,,,
,,,,,2711,4.0,4,,,,,,,,,,
,,,,,2722,11.0,11,,,,,,,,,,
,,,,,2737,15.0,15,,,,,,,,,,
,,,,,2745,8.0,8,,,,,,,,,,
,,,,,2762,17.0,17,,,,,,,,,,
,,,,,2771,9.0,9,,,,,,,,,,
,,,,,2777,6.0,6,,,,,,,,,,
,,,,,2781,4.0,4,,,,,,,,,,
,,,,,2788,7.0,7,,,,,,,,,,
,,,,,2792,4.0,4,,,,,,,,,,
,,,,,2798,6.0,6,,,,,,,,,,
,,,,,2803,5.0,5,,,,,,,,,,
,,,,,2825,22.0,22,,,,,,,,,,
,,,,,2830,5.0,5,,,,,,,,,,
,,,,,2839,9.0,9,,,,,,,,,,
,,,,,2843,4.0,4,,,,,,,,,,
,,,,,2846,3.0,3,,,,,,,,,,
,,,,,2849,3.0,3,,,,,,,,,,
,,,,,2854,5.0,5,,,,,,,,,,
,,,,,2861,7.0,7,,,,,,,,,,
,,,,,2868,7.0,7,,,,,,,,,,
,,,,,2873,5.0,5,,,,,,,,,,
,,,,,2878,5.0,5,,,,,,,,,,
,,,,,2883,5.0,5,,,,,,,,,,
,,,,,2891,8.0,8,,,,,,,,,,
,,,,,2906,15.0,15,,,,,,,,,,
,,,,,2922,16.0,16,,,,,,,,,,
,,,,,2925,3.0,3,,,,,,,,,,
,,,,,2932,7.0,7,,,,,,,,,,
,,,,,2938,6.0,6,,,,,,,,,,
,,,,,2947,9.0,9,,,,,,,,,,
,,,,,2952,5.0,5,,,,,,,,,,
,,,,,2960,8.0,8,,,,,,,,,,
,,,,,2972,12.0,12,,,,,,,,,,
,,,,,2980,8.0,8,,,,,,,,,,
,,,,,2984,4.0,4,,,,,,,,,,
,,,,,2991,7.0,7,,,,,,,,,,
,,,,,2997,6.0,6,,,,,,,,,,
,,,,,3005,8.0,8,,,,,,,,,,
,,,,,3015,10.0,10,,,,,,,,,,
,,,,,3025,10.0,10,,,,,,,,,,
,,,,,3037,12.0,12,,,,,,,,,,
,,,,,3045,8.0,8,,,,,,,,,,
,,,,,3053,8.0,8,,,,,,,,,,
,,,,,3059,6.0,6,,,,,,,,,,
,,,,,3071,12.0,12,,,,,,,,,,
,,,,,3076,5.0,5,,,,,,,,,,
,,,,,3085,9.0,9,,,,,,,,,,
,,,,,3093,8.0,8,,,,,,,,,,
,,,,,3099,6.0,6,,,,,,,,,,
,,,,,3104,5.0,5,,,,,,,,,,
,,,,,3108,4.0,4,,,,,,,,,,
,,,,,3115,7.0,7,,,,,,,,,,
,,,,,3121,6.0,6,,,,,,,,,,
,,,,,3125,4.0,4,,,,,,,,,,
,,,,,3128,3.0,3,,,,,,,,,,
,,,,,3131,3.0,3,,,,,,,,,,
,,,,,3135,4.0,4,,,,,,,,,,
,,,,,3148,13.0,13,,,,,,,,,,
,,,,,3155,7.0,7,,,,,,,,,,
,,,,,3164,9.0,9,,,,,,,,,,
,,,,,3168,4.0,4,,,,,,,,,,
,,,,,3187,19.0,19,,,,,,,,,,
,,,,,3191,4.0,4,,,,,,,,,,
,,,,,3194,3.0,3,,,,,,,,,,
,,,,,3198,4.0,4,,,,,,,,,,
,,,,,3203,5.0,5,,,,,,,,,,
,,,,,3207,4.0,4,,,,,,,,,,
,,,,,3210,3.0,3,,,,,,,,,,
,,,,,3214,4.0,4,,,,,,,,,,
,,,,,3223,9.0,9,,,,,,,,,,
,,,,,3229,6.0,6,,,,,,,,,,
,,,,,3235,6.0,6,,,,,,,,,,
,,,,,3238,3.0,3,,,,,,,,,,
,,,,,3242,4.0,4,,,,,,,,,,
,,,,,3247,5.0,5,,,,,,,,,,
,,,,,3252,5.0,5,,,,,,,,,,
,,,,,3255,3.0,3,,,,,,,,,,
,,,,,3264,9.0,9,,,,,,,,,,
,,,,,3271,7.0,7,,,,,,,,,,
,,,,,3274,3.0,3,,,,,,,,,,
,,,,,3282,8.0,8,,,,,,,,,,
,,,,,3288,6.0,6,,,,,,,,,,
,,,,,3296,8.0,8,,,,,,,,,,
,,,,,3305,9.0,9,,,,,,,,,,
,,,,,3308,3.0,3,,,,,,,,,,
,,,,,3311,3.0,3,,,,,,,,,,
,,,,,3317,6.0,6,,,,,,,,,,
,,,,,3321,4.0,4,,,,,,,,,,
,,,,,3334,13.0,13,,,,,,,,,,
,,,,,3342,8.0,8,,,,,,,,,,
,,,,,3358,16.0,16,,,,,,,,,,
,,,,,3362,4.0,4,,,,,,,,,,
,,,,,3373,11.0,11,,,,,,,,,,
,,,,,3387,14.0,14,,,,,,,,,,
,,,,,3400,13.0,13,,,,,,,,,,
,,,,,3403,3.0,3,,,,,,,,,,
,,,,,3414,11.0,11,,,,,,,,,,
,,,,,3418,4.0,4,,,,,,,,,,
,,,,,3428,10.0,10,,,,,,,,,,
,,,,,3436,8.0,8,,,,,,,,,,
,,,,,3444,8.0,8,,,,,,,,,,
,,,,,3457,13.0,13,,,,,,,,,,
,,,,,3466,9.0,9,,,,,,,,,,
,,,,,3475,9.0,9,,,,,,,,,,
,,,,,3486,11.0,11,,,,,,,,,,
,,,,,3492,6.0,6,,,,,,,,,,
,,,,,3500,8.0,8,,,,,,,,,,
,,,,,3507,7.0,7,,,,,,,,,,
,,,,,3512,5.0,5,,,,,,,,,,
,,,,,3527,15.0,15,,,,,,,,,,
,,,,,3530,3.0,3,,,,,,,,,,
,,,,,3540,10.0,10,,,,,,,,,,
,,,,,3544,4.0,4,,,,,,,,,,
,,,,,3551,7.0,7,,,,,,,,,,
,,,,,3561,10.0,10,,,,,,,,,,
,,,,,3565,4.0,4,,,,,,,,,,
,,,,,3575,10.0,10,,,,,,,,,,
,,,,,3590,15.0,15,,,,,,,,,,
,,,,,3595,5.0,5,,,,,,,,,,
,,,,,3609,14.0,14,,,,,,,,,,
,,,,,3613,4.0,4,,,,,,,,,,
,,,,,3617,4.0,4,,,,,,,,,,
,,,,,3625,8.0,8,,,,,,,,,,
,,,,,3631,6.0,6,,,,,,,,,,
,,,,,3634,3.0,3,,,,,,,,,,
,,,,,3637,3.0,3,,,,,,,,,,
,,,,,3647,10.0,10,,,,,,,,,,
,,,,,3654,7.0,7,,,,,,,,,,
,,,,,3658,4.0,4,,,,,,,,,,
,,,,,3662,4.0,4,,,,,,,,,,
,,,,,3667,5.0,5,,,,,,,,,,
,,,,,3671,4.0,4,,,,,,,,,,
,,,,,3676,5.0,5,,,,,,,,,,
,,,,,3679,3.0,3,,,,,,,,,,
,,,,,3686,7.0,7,,,,,,,,,,
,,,,,3695,9.0,9,,,,,,,,,,
,,,,,3703,8.0,8,,,,,,,,,,
,,,,,3709,6.0,6,,,,,,,,,,
,,,,,3713,4.0,4,,,,,,,,,,
,,,,,3721,8.0,8,,,,,,,,,,
,,,,,3725,4.0,4,,,,,,,,,,
,,,,,3733,8.0,8,,,,,,,,,,
,,,,,3739,6.0,6,,,,,,,,,,
,,,,,3763,24.0,24,,,,,,,,,,
,,,,,3781,18.0,18,,,,,,,,,,
,,,,,3786,5.0,5,,,,,,,,,,
,,,,,3803,17.0,17,,,,,,,,,,
,,,,,3822,19.0,19,,,,,,,,,,
,,,,,3829,7.0,7,,,,,,,,,,
,,,,,3834,5.0,5,,,,,,,,,,
,,,,,3838,4.0,4,,,,,,,,,,
,,,,,3841,3.0,3,,,,,,,,,,
,,,,,3848,7.0,7,,,,,,,,,,
,,,,,3853,5.0,5,,,,,,,,,,
,,,,,3856,3.0,3,,,,,,,,,,
,,,,,3864,8.0,8,,,,,,,,,,
,,,,,3874,10.0,10,,,,,,,,,,
,,,,,3885,11.0,11,,,,,,,,,,
,,,,,3896,11.0,11,,,,,,,,,,
,,,,,3911,15.0,15,,,,,,,,,,
,,,,,3916,5.0,5,,,,,,,,,,
,,,,,3919,3.0,3,,,,,,,,,,
,,,,,3924,5.0,5,,,,,,,,,,
,,,,,3933,9.0,9,,,,,,,,,,
,,,,,3941,8.0,8,,,,,,,,,,
,,,,,3950,9.0,9,,,,,,,,,,
,,,,,3955,5.0,5,,,,,,,,,,
,,,,,3966,11.0,11,,,,,,,,,,
,,,,,3969,3.0,3,,,,,,,,,,
,,,,,3975,6.0,6,,,,,,,,,,
,,,,,3984,9.0,9,,,,,,,,,,
,,,,,3990,6.0,6,,,,,,,,,,
,,,,,4001,11.0,11,,,,,,,,,,
,,,,,4006,5.0,5,,,,,,,,,,
,,,,,4020,14.0,14,,,,,,,,,,
,,,,,4035,15.0,15,,,,,,,,,,
,,,,,4048,13.0,13,,,,,,,,,,
,,,,,4087,39.0,39,,,,,,,,,,
,,,,,4090,3.0,3,,,,,,,,,,
,,,,,4094,4.0,4,,,,,,,,,,
,,,,,4107,13.0,13,,,,,,,,,,
,,,,,4111,4.0,4,,,,,,,,,,
,,,,,4119,8.0,8,,,,,,,,,,
,,,,,4124,5.0,5,,,,,,,,,,
,,,,,4129,5.0,5,,,,,,,,,,
,,,,,4140,11.0,11,,,,,,,,,,
,,,,,4143,3.0,3,,,,,,,,,,
,,,,,4148,5.0,5,,,,,,,,,,
,,,,,4157,9.0,9,,,,,,,,,,
,,,,,4166,9.0,9,,,,,,,,,,
,,,,,4171,5.0,5,,,,,,,,,,
,,,,,4178,7.0,7,,,,,,,,,,
,,,,,4182,4.0,4,,,,,,,,,,
,,,,,4185,3.0,3,,,,,,,,,,
,,,,,4198,13.0,13,,,,,,,,,,
,,,,,4204,6.0,6,,,,,,,,,,
,,,,,4209,5.0,5,,,,,,,,,,
,,,,,4212,3.0,3,,,,,,,,,,
,,,,,4220,8.0,8,,,,,,,,,,
,,,,,4223,3.0,3,,,,,,,,,,
,,,,,4228,5.0,5,,,,,,,,,,
,,,,,4239,11.0,11,,,,,,,,,,
,,,,,4246,7.0,7,,,,,,,,,,
,,,,,4254,8.0,8,,,,,,,,,,
,,,,,4263,9.0,9,,,,,,,,,,
,,,,,4277,14.0,14,,,,,,,,,,
,,,,,4283,6.0,6,,,,,,,,,,
,,,,,4289,6.0,6,,,,,,,,,,
,,,,,4293,4.0,4,,,,,,,,,,
,,,,,4300,7.0,7,,,,,,,,,,
,,,,,4303,3.0,3,,,,,,,,,,
,,,,,4311,8.0,8,,,,,,,,,,
,,,,,4320,9.0,9,,,,,,,,,,
,,,,,4327,7.0,7,,,,,,,,,,
,,,,,4332,5.0,5,,,,,,,,,,
,,,,,4335,3.0,3,,,,,,,,,,
,,,,,4352,17.0,17,,,,,,,,,,
,,,,,4356,4.0,4,,,,,,,,,,
,,,,,4359,3.0,3,,,,,,,,,,
,,,,,4362,3.0,3,,,,,,,,,,
,,,,,4366,4.0,4,,,,,,,,,,
,,,,,4370,4.0,4,,,,,,,,,,
,,,,,4374,4.0,4,,,,,,,,,,
,,,,,4383,9.0,9,,,,,,,,,,
,,,,,4390,7.0,7,,,,,,,,,,
,,,,,4394,4.0,4,,,,,,,,,,
,,,,,4402,8.0,8,,,,,,,,,,
,,,,,4406,4.0,4,,,,,,,,,,
,,,,,4411,5.0,5,,,,,,,,,,
,,,,,4415,4.0,4,,,,,,,,,,
,,,,,4426,11.0,11,,,,,,,,,,
,,,,,4431,5.0,5,,,,,,,,,,
,,,,,4438,7.0,7,,,,,,,,,,
,,,,,4449,11.0,11,,,,,,,,,,
,,,,,4457,8.0,8,,,,,,,,,,
,,,,,4468,11.0,11,,,,,,,,,,
,,,,,4475,7.0,7,,,,,,,,,,
,,,,,4486,11.0,11,,,,,,,,,,
,,,,,4491,5.0,5,,,,,,,,,,
,,,,,4496,5.0,5,,,,,,,,,,
,,,,,4499,3.0,3,,,,,,,,,,
,,,,,4502,3.0,3,,,,,,,,,,
,,,,,4507,5.0,5,,,,,,,,,,
,,,,,4517,10.0,10,,,,,,,,,,
,,,,,4520,3.0,3,,,,,,,,,,
,,,,,4525,5.0,5,,,,,,,,,,
,,,,,4544,19.0,19,,,,,,,,,,
,,,,,4549,5.0,5,,,,,,,,,,
,,,,,4558,9.0,9,,,,,,,,,,
,,,,,4562,4.0,4,,,,,,,,,,
,,,,,4569,7.0,7,,,,,,,,,,
,,,,,4575,6.0,6,,,,,,,,,,
,,,,,4579,4.0,4,,,,,,,,,,
,,,,,4583,4.0,4,,,,,,,,,,
,,,,,4587,4.0,4,,,,,,,,,,
,,,,,4594,7.0,7,,,,,,,,,,
,,,,,4607,13.0,13,,,,,,,,,,
,,,,,4611,4.0,4,,,,,,,,,,
,,,,,4616,5.0,5,,,,,,,,,,
,,,,,4620,4.0,4,,,,,,,,,,
,,,,,4626,6.0,6,,,,,,,,,,
,,,,,4632,6.0,6,,,,,,,,,,
,,,,,4636,4.0,4,,,,,,,,,,
,,,,,4642,6.0,6,,,,,,,,,,
,,,,,4648,6.0,6,,,,,,,,,,
,,,,,4654,6.0,6,,,,,,,,,,
,,,,,4661,7.0,7,,,,,,,,,,
,,,,,4666,5.0,5,,,,,,,,,,
,,,,,4675,9.0,9,,,,,,,,,,
,,,,,4680,5.0,5,,,,,,,,,,
,,,,,4684,4.0,4,,,,,,,,,,
,,,,,4689,5.0,5,,,,,,,,,,
,,,,,4692,3.0,3,,,,,,,,,,
,,,,,4696,4.0,4,,,,,,,,,,
,,,,,4700,4.0,4,,,,,,,,,,
,,,,,4709,9.0,9,,,,,,,,,,
,,,,,4715,6.0,6,,,,,,,,,,
,,,,,4719,4.0,4,,,,,,,,,,
,,,,,4723,4.0,4,,,,,,,,,,
,,,,,4727,4.0,4,,,,,,,,,,
,,,,,4733,6.0,6,,,,,,,,,,
,,,,,4739,6.0,6,,,,,,,,,,
,,,,,4749,10.0,10,,,,,,,,,,
,,,,,4757,8.0,8,,,,,,,,,,
,,,,,4761,4.0,4,,,,,,,,,,
,,,,,4772,11.0,11,,,,,,,,,,
,,,,,4781,9.0,9,,,,,,,,,,
,,,,,4788,7.0,7,,,,,,,,,,
,,,,,4794,6.0,6,,,,,,,,,,
,,,,,4801,7.0,7,,,,,,,,,,
,,,,,4811,10.0,10,,,,,,,,,,
,,,,,4835,24.0,24,,,,,,,,,,
,,,,,4840,5.0,5,,,,,,,,,,
,,,,,4848,8.0,8,,,,,,,,,,
,,,,,4852,4.0,4,,,,,,,,,,
,,,,,4856,4.0,4,,,,,,,,,,
,,,,,4868,12.0,12,,,,,,,,,,
,,,,,4874,6.0,6,,,,,,,,,,
,,,,,4882,8.0,8,,,,,,,,,,
,,,,,4888,6.0,6,,,,,,,,,,
,,,,,4895,7.0,7,,,,,,,,,,
,,,,,4900,5.0,5,,,,,,,,,,
,,,,,4909,9.0,9,,,,,,,,,,
,,,,,4913,4.0,4,,,,,,,,,,
,,,,,4920,7.0,7,,,,,,,,,,
,,,,,4926,6.0,6,,,,,,,,,,
,,,,,4929,3.0,3,,,,,,,,,,
,,,,,4933,4.0,4,,,,,,,,,,
,,,,,4938,5.0,5,,,,,,,,,,
,,,,,4941,3.0,3,,,,,,,,,,
,,,,,4948,7.0,7,,,,,,,,,,
,,,,,4953,5.0,5,,,,,,,,,,
,,,,,4956,3.0,3,,,,,,,,,,
,,,,,4967,11.0,11,,,,,,,,,,
,,,,,4981,14.0,14,,,,,,,,,,
,,,,,4991,10.0,10,,,,,,,,,,
,,,,,4999,8.0,8,,,,,,,,,,
6.9,3.3896904,15.0,3.0,6.9,5000,,,-0.1390150636434555,0.6593009233474731,1.082068681716919,0.0599646121263504,1.0986560583114624,0.09999999403953552,0.1631273478269577,0.0003,0.0003,0.09999001026153564
,,,,,5017,18.0,18,,,,,,,,,,
,,,,,5024,7.0,7,,,,,,,,,,
,,,,,5029,5.0,5,,,,,,,,,,
,,,,,5032,3.0,3,,,,,,,,,,
,,,,,5036,4.0,4,,,,,,,,,,
,,,,,5043,7.0,7,,,,,,,,,,
,,,,,5046,3.0,3,,,,,,,,,,
,,,,,5049,3.0,3,,,,,,,,,,
,,,,,5057,8.0,8,,,,,,,,,,
,,,,,5060,3.0,3,,,,,,,,,,
,,,,,5065,5.0,5,,,,,,,,,,
,,,,,5070,5.0,5,,,,,,,,,,
,,,,,5078,8.0,8,,,,,,,,,,
,,,,,5084,6.0,6,,,,,,,,,,
,,,,,5087,3.0,3,,,,,,,,,,
,,,,,5093,6.0,6,,,,,,,,,,
,,,,,5100,7.0,7,,,,,,,,,,
,,,,,5107,7.0,7,,,,,,,,,,
,,,,,5115,8.0,8,,,,,,,,,,
,,,,,5118,3.0,3,,,,,,,,,,
,,,,,5134,16.0,16,,,,,,,,,,
,,,,,5139,5.0,5,,,,,,,,,,
,,,,,5143,4.0,4,,,,,,,,,,
,,,,,5153,10.0,10,,,,,,,,,,
,,,,,5157,4.0,4,,,,,,,,,,
,,,,,5160,3.0,3,,,,,,,,,,
,,,,,5163,3.0,3,,,,,,,,,,
,,,,,5166,3.0,3,,,,,,,,,,
,,,,,5172,6.0,6,,,,,,,,,,
,,,,,5181,9.0,9,,,,,,,,,,
,,,,,5185,4.0,4,,,,,,,,,,
,,,,,5188,3.0,3,,,,,,,,,,
,,,,,5197,9.0,9,,,,,,,,,,
,,,,,5202,5.0,5,,,,,,,,,,
,,,,,5206,4.0,4,,,,,,,,,,
,,,,,5219,13.0,13,,,,,,,,,,
,,,,,5226,7.0,7,,,,,,,,,,
,,,,,5229,3.0,3,,,,,,,,,,
,,,,,5234,5.0,5,,,,,,,,,,
,,,,,5237,3.0,3,,,,,,,,,,
,,,,,5240,3.0,3,,,,,,,,,,
,,,,,5244,4.0,4,,,,,,,,,,
,,,,,5249,5.0,5,,,,,,,,,,
,,,,,5254,5.0,5,,,,,,,,,,
,,,,,5262,8.0,8,,,,,,,,,,
,,,,,5273,11.0,11,,,,,,,,,,
,,,,,5277,4.0,4,,,,,,,,,,
,,,,,5285,8.0,8,,,,,,,,,,
,,,,,5289,4.0,4,,,,,,,,,,
,,,,,5297,8.0,8,,,,,,,,,,
,,,,,5311,14.0,14,,,,,,,,,,
,,,,,5316,5.0,5,,,,,,,,,,
,,,,,5326,10.0,10,,,,,,,,,,
,,,,,5334,8.0,8,,,,,,,,,,
,,,,,5338,4.0,4,,,,,,,,,,
,,,,,5359,21.0,21,,,,,,,,,,
,,,,,5365,6.0,6,,,,,,,,,,
,,,,,5369,4.0,4,,,,,,,,,,
,,,,,5377,8.0,8,,,,,,,,,,
,,,,,5403,26.0,26,,,,,,,,,,
,,,,,5420,17.0,17,,,,,,,,,,
,,,,,5446,26.0,26,,,,,,,,,,
,,,,,5465,19.0,19,,,,,,,,,,
,,,,,5477,12.0,12,,,,,,,,,,
,,,,,5486,9.0,9,,,,,,,,,,
,,,,,5503,17.0,17,,,,,,,,,,
,,,,,5530,27.0,27,,,,,,,,,,
,,,,,5548,18.0,18,,,,,,,,,,
,,,,,5561,13.0,13,,,,,,,,,,
,,,,,5576,15.0,15,,,,,,,,,,
,,,,,5603,27.0,27,,,,,,,,,,
,,,,,5615,12.0,12,,,,,,,,,,
,,,,,5650,35.0,35,,,,,,,,,,
,,,,,5663,13.0,13,,,,,,,,,,
,,,,,5700,37.0,37,,,,,,,,,,
,,,,,5739,39.0,39,,,,,,,,,,
,,,,,5795,56.0,56,,,,,,,,,,
,,,,,5829,34.0,34,,,,,,,,,,
,,,,,5868,39.0,39,,,,,,,,,,
,,,,,5915,47.0,47,,,,,,,,,,
,,,,,5952,37.0,37,,,,,,,,,,
,,,,,5987,35.0,35,,,,,,,,,,
,,,,,6000,,,-4.832931041717529,-0.43015390634536743,0.7047141790390015,4.2613911628723145,4.250001430511475,0.09287479519844055,0.04258153215050697,0.0003,0.0003,0.0928712785243988
,,,,,6018,31.0,31,,,,,,,,,,
,,,,,6047,29.0,29,,,,,,,,,,
,,,,,6077,30.0,30,,,,,,,,,,
,,,,,6152,75.0,75,,,,,,,,,,
,,,,,6183,31.0,31,,,,,,,,,,
,,,,,6218,35.0,35,,,,,,,,,,
,,,,,6261,43.0,43,,,,,,,,,,
,,,,,6318,57.0,57,,,,,,,,,,
,,,,,6383,65.0,65,,,,,,,,,,
,,,,,6435,52.0,52,,,,,,,,,,
,,,,,6480,45.0,45,,,,,,,,,,
,,,,,6576,96.0,96,,,,,,,,,,
,,,,,6651,75.0,75,,,,,,,,,,
,,,,,6709,58.0,58,,,,,,,,,,
,,,,,6761,52.0,52,,,,,,,,,,
,,,,,6808,47.0,47,,,,,,,,,,
,,,,,6856,48.0,48,,,,,,,,,,
,,,,,6914,58.0,58,,,,,,,,,,
,,,,,6972,58.0,58,,,,,,,,,,
,,,,,7000,,,-9.461991310119629,-0.8734516501426697,1.4910011291503906,8.464956283569336,8.408836364746094,0.09029113501310349,0.00955916941165924,0.0003,0.0003,0.09028973430395126
,,,,,7021,49.0,49,,,,,,,,,,
,,,,,7101,80.0,80,,,,,,,,,,
,,,,,7160,59.0,59,,,,,,,,,,
,,,,,7252,92.0,92,,,,,,,,,,
,,,,,7342,90.0,90,,,,,,,,,,
,,,,,7421,79.0,79,,,,,,,,,,
,,,,,7531,110.0,110,,,,,,,,,,
,,,,,7633,102.0,102,,,,,,,,,,
,,,,,7735,102.0,102,,,,,,,,,,
,,,,,7818,83.0,83,,,,,,,,,,
,,,,,7896,78.0,78,,,,,,,,,,
,,,,,7981,85.0,85,,,,,,,,,,
,,,,,8000,,,-15.287525177001953,-0.7032613754272461,1.8119704723358154,13.874117851257324,13.936178207397461,0.08897115290164948,0.025842955335974693,0.0003,0.0003,0.08896765112876892
,,,,,8076,95.0,95,,,,,,,,,,
,,,,,8157,81.0,81,,,,,,,,,,
,,,,,8252,95.0,95,,,,,,,,,,
,,,,,8330,78.0,78,,,,,,,,,,
,,,,,8430,100.0,100,,,,,,,,,,
,,,,,8566,136.0,136,,,,,,,,,,
,,,,,8652,86.0,86,,,,,,,,,,
,,,,,8744,92.0,92,,,,,,,,,,
,,,,,8904,160.0,160,,,,,,,,,,
,,,,,8994,90.0,90,,,,,,,,,,
,,,,,9000,,,-19.22856330871582,-0.9613364338874817,4.348683834075928,17.32671356201172,17.177810668945312,0.08415485173463821,0.014761405065655708,0.0003,0.0003,0.08414612710475922
,,,,,9062,68.0,68,,,,,,,,,,
,,,,,9144,82.0,82,,,,,,,,,,
,,,,,9207,63.0,63,,,,,,,,,,
,,,,,9277,70.0,70,,,,,,,,,,
,,,,,9354,77.0,77,,,,,,,,,,
,,,,,9422,68.0,68,,,,,,,,,,
,,,,,9493,71.0,71,,,,,,,,,,
,,,,,9564,71.0,71,,,,,,,,,,
,,,,,9665,101.0,101,,,,,,,,,,
,,,,,9738,73.0,73,,,,,,,,,,
,,,,,9803,65.0,65,,,,,,,,,,
,,,,,9877,74.0,74,,,,,,,,,,
,,,,,9947,70.0,70,,,,,,,,,,
76.2,8.255907,93.0,63.0,76.2,10000,,,-23.702917098999023,-0.8192332983016968,8.77981948852539,20.84583854675293,20.7972354888916,0.07720673829317093,0.0077429478988051414,0.0003,0.0003,0.07720110565423965
,,,,,10018,71.0,71,,,,,,,,,,
,,,,,10086,68.0,68,,,,,,,,,,
,,,,,10149,63.0,63,,,,,,,,,,
,,,,,10209,60.0,60,,,,,,,,,,
,,,,,10283,74.0,74,,,,,,,,,,
,,,,,10341,58.0,58,,,,,,,,,,
,,,,,10434,93.0,93,,,,,,,,,,
,,,,,10498,64.0,64,,,,,,,,,,
,,,,,10557,59.0,59,,,,,,,,,,
,,,,,10641,84.0,84,,,,,,,,,,
,,,,,10713,72.0,72,,,,,,,,,,
,,,,,10797,84.0,84,,,,,,,,,,
,,,,,10861,64.0,64,,,,,,,,,,
,,,,,10965,104.0,104,,,,,,,,,,
,,,,,11000,,,-27.269519805908203,-0.6501368284225464,2.4035685062408447,26.0159854888916,26.062042236328125,0.07065309584140778,0.029228944331407547,0.0003,0.0003,0.07064620405435562
,,,,,11047,82.0,82,,,,,,,,,,
,,,,,11118,71.0,71,,,,,,,,,,
,,,,,11181,63.0,63,,,,,,,,,,
,,,,,11247,66.0,66,,,,,,,,,,
,,,,,11317,70.0,70,,,,,,,,,,
,,,,,11427,110.0,110,,,,,,,,,,
,,,,,11525,98.0,98,,,,,,,,,,
,,,,,11616,91.0,91,,,,,,,,,,
,,,,,11706,90.0,90,,,,,,,,,,
,,,,,11784,78.0,78,,,,,,,,,,
,,,,,11863,79.0,79,,,,,,,,,,
,,,,,11937,74.0,74,,,,,,,,,,
,,,,,12000,,,-31.425479888916016,-0.547982931137085,1.606184720993042,29.541305541992188,29.408226013183594,0.06490716338157654,0.024903886020183563,0.0003,0.0003,0.0649016872048378
,,,,,12006,69.0,69,,,,,,,,,,
,,,,,12083,77.0,77,,,,,,,,,,
,,,,,12151,68.0,68,,,,,,,,,,
,,,,,12227,76.0,76,,,,,,,,,,
,,,,,12282,55.0,55,,,,,,,,,,
,,,,,12343,61.0,61,,,,,,,,,,
,,,,,12405,62.0,62,,,,,,,,,,
,,,,,12466,61.0,61,,,,,,,,,,
,,,,,12536,70.0,70,,,,,,,,,,
,,,,,12592,56.0,56,,,,,,,,,,
,,,,,12647,55.0,55,,,,,,,,,,
,,,,,12719,72.0,72,,,,,,,,,,
,,,,,12779,60.0,60,,,,,,,,,,
,,,,,12837,58.0,58,,,,,,,,,,
,,,,,12891,54.0,54,,,,,,,,,,
,,,,,12948,57.0,57,,,,,,,,,,
,,,,,13000,,,-35.06381607055664,-0.8167179822921753,5.582587242126465,32.156211853027344,32.18157196044922,0.06060556322336197,0.005727911368012428,0.0003,0.0003,0.0606025867164135
,,,,,13001,53.0,53,,,,,,,,,,
,,,,,13053,52.0,52,,,,,,,,,,
,,,,,13107,54.0,54,,,,,,,,,,
,,,,,13159,52.0,52,,,,,,,,,,
,,,,,13212,53.0,53,,,,,,,,,,
,,,,,13261,49.0,49,,,,,,,,,,
,,,,,13314,53.0,53,,,,,,,,,,
,,,,,13370,56.0,56,,,,,,,,,,
,,,,,13422,52.0,52,,,,,,,,,,
,,,,,13474,52.0,52,,,,,,,,,,
,,,,,13527,53.0,53,,,,,,,,,,
,,,,,13580,53.0,53,,,,,,,,,,
,,,,,13639,59.0,59,,,,,,,,,,
,,,,,13693,54.0,54,,,,,,,,,,
,,,,,13745,52.0,52,,,,,,,,,,
,,,,,13804,59.0,59,,,,,,,,,,
,,,,,13863,59.0,59,,,,,,,,,,
,,,,,13919,56.0,56,,,,,,,,,,
,,,,,13972,53.0,53,,,,,,,,,,
,,,,,14000,,,-39.2034797668457,-0.8326683044433594,11.95711612701416,35.705936431884766,35.378265380859375,0.058503031730651855,0.00623755669221282,0.0003,0.0003,0.05850052088499069
,,,,,14032,60.0,60,,,,,,,,,,
,,,,,14094,62.0,62,,,,,,,,,,
,,,,,14148,54.0,54,,,,,,,,,,
,,,,,14203,55.0,55,,,,,,,,,,
,,,,,14263,60.0,60,,,,,,,,,,
,,,,,14330,67.0,67,,,,,,,,,,
,,,,,14389,59.0,59,,,,,,,,,,
,,,,,14445,56.0,56,,,,,,,,,,
,,,,,14500,55.0,55,,,,,,,,,,
,,,,,14558,58.0,58,,,,,,,,,,
,,,,,14618,60.0,60,,,,,,,,,,
,,,,,14677,59.0,59,,,,,,,,,,
,,,,,14735,58.0,58,,,,,,,,,,
,,,,,14801,66.0,66,,,,,,,,,,
,,,,,14869,68.0,68,,,,,,,,,,
,,,,,14928,59.0,59,,,,,,,,,,
,,,,,14991,63.0,63,,,,,,,,,,
57.9,2.9478807,64.0,55.0,57.9,15000,,,-40.91395950317383,-0.7635764479637146,4.492286205291748,39.16522979736328,39.21462631225586,0.05579577386379242,0.010150684975087643,0.0003,0.0003,0.055793315172195435
,,,,,15052,61.0,61,,,,,,,,,,
,,,,,15112,60.0,60,,,,,,,,,,
,,,,,15171,59.0,59,,,,,,,,,,
,,,,,15239,68.0,68,,,,,,,,,,
,,,,,15299,60.0,60,,,,,,,,,,
,,,,,15362,63.0,63,,,,,,,,,,
,,,,,15437,75.0,75,,,,,,,,,,
,,,,,15497,60.0,60,,,,,,,,,,
,,,,,15558,61.0,61,,,,,,,,,,
,,,,,15627,69.0,69,,,,,,,,,,
,,,,,15689,62.0,62,,,,,,,,,,
,,,,,15750,61.0,61,,,,,,,,,,
,,,,,15814,64.0,64,,,,,,,,,,
,,,,,15916,102.0,102,,,,,,,,,,
,,,,,15978,62.0,62,,,,,,,,,,
,,,,,16000,,,-42.887550354003906,-1.0220280885696411,21.12591552734375,40.304561614990234,40.120994567871094,0.05452364683151245,-0.0031591374427080154,0.0003,0.0003,0.05452355369925499
,,,,,16036,58.0,58,,,,,,,,,,
,,,,,16098,62.0,62,,,,,,,,,,
,,,,,16165,67.0,67,,,,,,,,,,
,,,,,16227,62.0,62,,,,,,,,,,
,,,,,16294,67.0,67,,,,,,,,,,
,,,,,16349,55.0,55,,,,,,,,,,
,,,,,16426,77.0,77,,,,,,,,,,
,,,,,16481,55.0,55,,,,,,,,,,
,,,,,16534,53.0,53,,,,,,,,,,
,,,,,16590,56.0,56,,,,,,,,,,
,,,,,16647,57.0,57,,,,,,,,,,
,,,,,16703,56.0,56,,,,,,,,,,
,,,,,16764,61.0,61,,,,,,,,,,
,,,,,16821,57.0,57,,,,,,,,,,
,,,,,16878,57.0,57,,,,,,,,,,
,,,,,16931,53.0,53,,,,,,,,,,
,,,,,16993,62.0,62,,,,,,,,,,
,,,,,17000,,,-45.86054992675781,-0.95500648021698,10.543606758117676,43.68403625488281,43.815162658691406,0.05434228107333183,0.0006468630162999034,0.0003,0.0003,0.05434176325798035
,,,,,17047,54.0,54,,,,,,,,,,
,,,,,17110,63.0,63,,,,,,,,,,
,,,,,17170,60.0,60,,,,,,,,,,
,,,,,17224,54.0,54,,,,,,,,,,
,,,,,17283,59.0,59,,,,,,,,,,
,,,,,17332,49.0,49,,,,,,,,,,
,,,,,17383,51.0,51,,,,,,,,,,
,,,,,17434,51.0,51,,,,,,,,,,
,,,,,17483,49.0,49,,,,,,,,,,
,,,,,17545,62.0,62,,,,,,,,,,
,,,,,17596,51.0,51,,,,,,,,,,
,,,,,17651,55.0,55,,,,,,,,,,
,,,,,17716,65.0,65,,,,,,,,,,
,,,,,17769,53.0,53,,,,,,,,,,
,,,,,17827,58.0,58,,,,,,,,,,
,,,,,17881,54.0,54,,,,,,,,,,
,,,,,17933,52.0,52,,,,,,,,,,
,,,,,17991,58.0,58,,,,,,,,,,
,,,,,18000,,,-46.848777770996094,-1.0109035968780518,9.728738784790039,44.94145965576172,44.45043182373047,0.05450370907783508,0.002635457320138812,0.0003,0.0003,0.054504137486219406
,,,,,18042,51.0,51,,,,,,,,,,
,,,,,18095,53.0,53,,,,,,,,,,
,,,,,18152,57.0,57,,,,,,,,,,
,,,,,18216,64.0,64,,,,,,,,,,
,,,,,18271,55.0,55,,,,,,,,,,
,,,,,18332,61.0,61,,,,,,,,,,
,,,,,18413,81.0,81,,,,,,,,,,
,,,,,18467,54.0,54,,,,,,,,,,
,,,,,18531,64.0,64,,,,,,,,,,
,,,,,18583,52.0,52,,,,,,,,,,
,,,,,18644,61.0,61,,,,,,,,,,
,,,,,18699,55.0,55,,,,,,,,,,
,,,,,18750,51.0,51,,,,,,,,,,
,,,,,18812,62.0,62,,,,,,,,,,
,,,,,18863,51.0,51,,,,,,,,,,
,,,,,18917,54.0,54,,,,,,,,,,
,,,,,18982,65.0,65,,,,,,,,,,
,,,,,19000,,,-50.07109832763672,-0.8990678191184998,3.9762392044067383,46.52593994140625,46.67430877685547,0.05387631058692932,-0.0004911081632599235,0.0003,0.0003,0.05387601628899574
,,,,,19035,53.0,53,,,,,,,,,,
,,,,,19093,58.0,58,,,,,,,,,,
,,,,,19145,52.0,52,,,,,,,,,,
,,,,,19205,60.0,60,,,,,,,,,,
,,,,,19266,61.0,61,,,,,,,,,,
,,,,,19321,55.0,55,,,,,,,,,,
,,,,,19387,66.0,66,,,,,,,,,,
,,,,,19453,66.0,66,,,,,,,,,,
,,,,,19518,65.0,65,,,,,,,,,,
,,,,,19577,59.0,59,,,,,,,,,,
,,,,,19649,72.0,72,,,,,,,,,,
,,,,,19716,67.0,67,,,,,,,,,,
,,,,,19785,69.0,69,,,,,,,,,,
,,,,,19837,52.0,52,,,,,,,,,,
,,,,,19901,64.0,64,,,,,,,,,,
,,,,,19961,60.0,60,,,,,,,,,,
62.2,5.0159745,71.0,56.0,62.2,20000,,,-50.57771682739258,-1.169865369796753,5.5792083740234375,47.71417236328125,47.597389221191406,0.05355415865778923,-0.0037434338591992855,0.0003,0.0003,0.05355234816670418
,,,,,20035,74.0,74,,,,,,,,,,
,,,,,20088,53.0,53,,,,,,,,,,
,,,,,20149,61.0,61,,,,,,,,,,
,,,,,20218,69.0,69,,,,,,,,,,
,,,,,20284,66.0,66,,,,,,,,,,
,,,,,20354,70.0,70,,,,,,,,,,
,,,,,20414,60.0,60,,,,,,,,,,
,,,,,20487,73.0,73,,,,,,,,,,
,,,,,20563,76.0,76,,,,,,,,,,
,,,,,20626,63.0,63,,,,,,,,,,
,,,,,20685,59.0,59,,,,,,,,,,
,,,,,20760,75.0,75,,,,,,,,,,
,,,,,20819,59.0,59,,,,,,,,,,
,,,,,20884,65.0,65,,,,,,,,,,
,,,,,20943,59.0,59,,,,,,,,,,
,,,,,21000,,,-51.973045349121094,-1.1659597158432007,7.446208953857422,48.71052169799805,48.52263641357422,0.05309994891285896,-0.004925718996673822,0.0003,0.0003,0.053098708391189575
,,,,,21009,66.0,66,,,,,,,,,,
,,,,,21095,86.0,86,,,,,,,,,,
,,,,,21172,77.0,77,,,,,,,,,,
,,,,,21229,57.0,57,,,,,,,,,,
,,,,,21308,79.0,79,,,,,,,,,,
,,,,,21393,85.0,85,,,,,,,,,,
,,,,,21455,62.0,62,,,,,,,,,,
,,,,,21516,61.0,61,,,,,,,,,,
,,,,,21583,67.0,67,,,,,,,,,,
,,,,,21649,66.0,66,,,,,,,,,,
,,,,,21713,64.0,64,,,,,,,,,,
,,,,,21781,68.0,68,,,,,,,,,,
,,,,,21852,71.0,71,,,,,,,,,,
,,,,,21916,64.0,64,,,,,,,,,,
,,,,,21988,72.0,72,,,,,,,,,,
,,,,,22000,,,-53.98982238769531,-0.9135435223579407,5.852585315704346,52.450775146484375,52.360877990722656,0.05331401526927948,-0.0049863532185554504,0.0003,0.0003,0.053313788026571274
,,,,,22049,61.0,61,,,,,,,,,,
,,,,,22113,64.0,64,,,,,,,,,,
,,,,,22173,60.0,60,,,,,,,,,,
,,,,,22235,62.0,62,,,,,,,,,,
,,,,,22301,66.0,66,,,,,,,,,,
,,,,,22376,75.0,75,,,,,,,,,,
,,,,,22446,70.0,70,,,,,,,,,,
,,,,,23000,,,-52.841796875,-1.179135799407959,7.877577781677246,50.436744689941406,51.09593963623047,0.05394779145717621,-0.0021565391216427088,0.0003,0.0003,0.05394825339317322
,,,,,23446,1000.0,1000,,,,,,,,,,
,,,,,23506,60.0,60,,,,,,,,,,
,,,,,23569,63.0,63,,,,,,,,,,
,,,,,23633,64.0,64,,,,,,,,,,
,,,,,23700,67.0,67,,,,,,,,,,
,,,,,23785,85.0,85,,,,,,,,,,
,,,,,24000,,,-54.7336311340332,-1.0037914514541626,4.282652854919434,53.6363639831543,53.42855453491211,0.05595681071281433,0.010765273123979568,0.0003,0.0003,0.05596030503511429
,,,,,24785,1000.0,1000,,,,,,,,,,
1000.0,0.0,1000.0,1000.0,1000.0,25000,,,-54.1058349609375,-1.1318047046661377,6.854551792144775,51.278289794921875,51.03463363647461,0.06138802692294121,0.0033786376006901264,0.0003,0.0003,0.06139402836561203
,,,,,25785,1000.0,1000,,,,,,,,,,
,,,,,26000,,,-53.532257080078125,-1.2579654455184937,6.446928024291992,50.936195373535156,51.25564193725586,0.06737270951271057,-0.017470769584178925,0.0003,0.0003,0.06737978011369705
,,,,,26785,1000.0,1000,,,,,,,,,,
,,,,,27000,,,-54.223472595214844,-1.12001371383667,3.28255033493042,52.83380126953125,53.100341796875,0.07374648749828339,-0.00840421486645937,0.0003,0.0003,0.07375146448612213
,,,,,27785,1000.0,1000,,,,,,,,,,
,,,,,28000,,,-55.2243537902832,-1.0517362356185913,7.887662410736084,53.727630615234375,53.83335876464844,0.08023926615715027,0.010248233564198017,0.0003,0.0003,0.08024563640356064
,,,,,28785,1000.0,1000,,,,,,,,,,
,,,,,29000,,,-53.963287353515625,-1.0989322662353516,11.579838752746582,51.94770050048828,51.89039611816406,0.08586040139198303,-0.014480847865343094,0.0003,0.0003,0.08586359024047852
,,,,,29785,1000.0,1000,,,,,,,,,,
1000.0,0.0,1000.0,1000.0,1000.0,30000,,,-56.130130767822266,-1.118056297302246,5.499026298522949,53.65929412841797,53.37210464477539,0.0920407772064209,-0.002078866120427847,0.0003,0.0003,0.09204387664794922
,,,,,30785,1000.0,1000,,,,,,,,,,
,,,,,31000,,,-60.61285400390625,-0.9982552528381348,8.20766544342041,58.902366638183594,59.14659881591797,0.09586098045110703,-0.00735592283308506,0.0003,0.0003,0.0958622619509697
,,,,,31785,1000.0,1000,,,,,,,,,,
,,,,,32000,,,-59.554603576660156,-0.9334104657173157,2.3624517917633057,56.74488067626953,56.49324035644531,0.09930123388767242,-0.006461384706199169,0.0003,0.0003,0.09930408000946045
,,,,,32785,1000.0,1000,,,,,,,,,,
,,,,,33000,,,-59.200077056884766,-0.8462678790092468,14.38179874420166,56.901283264160156,56.22552490234375,0.09912985563278198,0.01786992698907852,0.0003,0.0003,0.09912595897912979
,,,,,33785,1000.0,1000,,,,,,,,,,
,,,,,34000,,,-58.866031646728516,-1.001176118850708,8.475881576538086,57.83133316040039,57.67273712158203,0.0940563827753067,0.01446365937590599,0.0003,0.0003,0.09404925256967545
,,,,,34785,1000.0,1000,,,,,,,,,,
381.5,333.11627,1000.0,83.0,381.5,35000,,,-63.70656204223633,-0.9835754036903381,6.116148948669434,60.891990661621094,60.89695739746094,0.08771342784166336,0.003083515213802457,0.0003,0.0003,0.08771008253097534
,,,,,35785,1000.0,1000,,,,,,,,,,
,,,,,35881,96.0,96,,,,,,,,,,
,,,,,35970,89.0,89,,,,,,,,,,
,,,,,36000,,,-64.51028442382812,-0.9235259890556335,1.704249382019043,63.29196548461914,63.452064514160156,0.08624827116727829,0.011543378233909607,0.0003,0.0003,0.08624481409788132
,,,,,36166,196.0,196,,,,,,,,,,
,,,,,36352,186.0,186,,,,,,,,,,
,,,,,36471,119.0,119,,,,,,,,,,
,,,,,36555,84.0,84,,,,,,,,,,
,,,,,36688,133.0,133,,,,,,,,,,
,,,,,36809,121.0,121,,,,,,,,,,
,,,,,36926,117.0,117,,,,,,,,,,
,,,,,37000,,,-64.31597137451172,-1.0730786323547363,4.052074432373047,61.65119934082031,61.555580139160156,0.08759710192680359,0.0027853832580149174,0.0003,0.0003,0.08759881556034088
,,,,,37048,122.0,122,,,,,,,,,,
,,,,,37196,148.0,148,,,,,,,,,,
,,,,,38000,,,-63.94349670410156,-1.3763066530227661,5.12831449508667,60.88568115234375,61.07770538330078,0.09165281057357788,-0.022431451827287674,0.0003,0.0003,0.09166586399078369
,,,,,38196,1000.0,1000,,,,,,,,,,
,,,,,39000,,,-63.29030227661133,-1.2064040899276733,4.863479137420654,61.2882194519043,61.15387725830078,0.09580378979444504,-0.0025401036255061626,0.0003,0.0003,0.09581319987773895
,,,,,39004,808.0,808,,,,,,,,,,
,,,,,39078,74.0,74,,,,,,,,,,
,,,,,39346,268.0,268,,,,,,,,,,
,,,,,39717,371.0,371,,,,,,,,,,
,,,,,39799,82.0,82,,,,,,,,,,
227.7,134.94966,471.0,75.0,227.7,40000,,,-65.00776672363281,-1.2254301309585571,4.073410987854004,63.213043212890625,63.334285736083984,0.09982367604970932,-0.013676132075488567,0.0003,0.0003,0.09983015060424805
,,,,,40799,1000.0,1000,,,,,,,,,,
,,,,,41000,,,-65.7602767944336,-1.1216843128204346,8.734976768493652,62.71234130859375,62.488460540771484,0.10181834548711777,-0.025051219388842583,0.0003,0.0003,0.10182883590459824
,,,,,41799,1000.0,1000,,,,,,,,,,
,,,,,42000,,,-70.67637634277344,-1.0721453428268433,7.183524131774902,68.88275146484375,68.87904357910156,0.10068070143461227,0.0023656184785068035,0.0003,0.0003,0.10068172961473465
,,,,,42799,1000.0,1000,,,,,,,,,,
,,,,,42907,108.0,108,,,,,,,,,,
,,,,,43000,,,-70.23159790039062,-0.9331885576248169,10.447495460510254,67.66595458984375,67.56072998046875,0.0985746830701828,0.012211039662361145,0.0003,0.0003,0.09857125580310822
,,,,,43019,112.0,112,,,,,,,,,,
,,,,,44000,,,-71.92985534667969,-1.1570357084274292,13.45350456237793,67.91190338134766,67.50340270996094,0.09374633431434631,-0.015923205763101578,0.0003,0.0003,0.09374968707561493
,,,,,44019,1000.0,1000,,,,,,,,,,
1000.0,0.0,1000.0,1000.0,1000.0,45000,,,-75.48583984375,-1.1160117387771606,0.5460831522941589,74.81954956054688,74.80361938476562,0.10511966049671173,-0.010933203622698784,0.0003,0.0003,0.10513008385896683
,,,,,45019,1000.0,1000,,,,,,,,,,
,,,,,46000,,,-74.2750244140625,-1.191410779953003,4.316977500915527,71.92533874511719,71.89741516113281,0.11409232765436172,-0.013004200533032417,0.0003,0.0003,0.11410146951675415
,,,,,46019,1000.0,1000,,,,,,,,,,
,,,,,47000,,,-76.05326843261719,-1.2416443824768066,10.029457092285156,72.42837524414062,72.3004150390625,0.12319964915513992,-0.02063775062561035,0.0003,0.0003,0.12320952117443085
,,,,,47019,1000.0,1000,,,,,,,,,,
,,,,,48000,,,-77.3812255859375,-1.272010326385498,0.7090944647789001,76.80062866210938,76.84762573242188,0.13142289221286774,-0.0279641505330801,0.0003,0.0003,0.13143344223499298
,,,,,48019,1000.0,1000,,,,,,,,,,
,,,,,49000,,,-78.48745727539062,-1.1421048641204834,2.2666194438934326,76.69676208496094,76.82625579833984,0.13910283148288727,-0.023696906864643097,0.0003,0.0003,0.13911819458007812
,,,,,49019,1000.0,1000,,,,,,,,,,
