eval/mean_reward,step,train/epoch,train/loss,train/samples_per_sec,train/steps_per_sec
0.10834875526862435,0,,,,
,100,0,0.21459953889250755,369.94121287307564,5.780331451141807
,200,0,0.14102778911590577,55300.17626931186,864.0652542079978
,300,0,0.12436355903744697,55917.661243818475,873.7134569346637
,400,1,0.12127585940063,55034.82672628773,859.9191675982457
,500,1,0.10842830836772918,56003.78025516722,875.0590664869878
,600,1,0.1066240531951189,56537.102473498235,883.3922261484099
,700,1,0.10327425613999366,57881.884778873115,904.4044496698924
,800,2,0.09662105917930602,56818.68624543897,887.7919725849839
,900,2,0.09232118409126996,54754.20495183341,855.534452372397
,1000,2,0.09110304687172174,56637.66935990584,884.9635837485288
,1100,2,0.087728729583323,56668.762230269975,885.4494098479684
,1200,3,0.08594024527817964,56304.32487595453,879.7550761867896
,1300,3,0.08169990543276072,56331.085957716474,880.1732180893199
,1400,3,0.08100108224898576,56587.59140222283,884.1811156597317
,1500,3,0.0795802305266261,56792.97186973112,887.3901854645487
,1600,4,0.07666276142001152,55334.12299738028,864.5956718340668
,1700,4,0.07706948548555374,55896.172858914564,873.3777009205401
,1800,4,0.07297391146421432,56318.19781766983,879.9718409010911
,1900,5,0.07196108557283878,55594.645540701364,868.6663365734588
,2000,5,0.07241489473730325,55491.48985979728,867.0545290593325
,2100,5,0.06555376295000315,55262.453480239354,863.4758356287399
,2200,5,0.06955503288656473,55091.67599208057,860.8074373762589
,2300,6,0.06652489051222801,55767.58857461529,871.368571478364
,2400,6,0.0639905197173357,56688.840270334906,885.7631292239829
,2500,6,0.06332941245287657,56095.08116257056,876.485643165165
,2600,6,0.061497608050704006,55417.972741284655,865.9058240825727
,2700,7,0.05891517985612154,55205.7275942379,862.5894936599672
,2800,7,0.05895494855940342,54819.86534870574,856.5603960735272
,2900,7,0.058115442469716075,54586.08396022039,852.9075618784436
,3000,7,0.05960514966398477,55102.111099631504,860.9704859317422
,3100,8,0.05659208990633488,54539.56675131662,852.1807304893222
,3200,8,0.05701497877016663,54799.212261323744,856.2376915831835
,3300,8,0.05446338169276714,54635.478914119856,853.6793580331228
,3400,8,0.054229621626436714,55155.77196535528,861.8089369586762
,3500,9,0.055123437866568564,54963.45788854441,858.8040295085065
,3600,9,0.05174782007932663,55281.06968869847,863.7667138859136
,3700,9,0.04997018206864595,55346.56462143815,864.7900722099711
,3800,10,0.053502091094851496,54599.123001586784,853.1112968997935
,3900,10,0.04881670536473393,54718.626562473284,854.9785400386451
,4000,10,0.052565899807959796,51420.077933555614,803.4387177118065
,4100,10,0.04984148308634758,45127.62656889014,705.1191651389084
,4200,11,0.04683233059942722,50978.95525003585,796.5461757818101
,4300,11,0.050779746137559416,55390.633790017564,865.4786529690244
,4400,11,0.04948887553066015,55754.47124724495,871.1636132382023
,4500,11,0.04923689987510443,42105.817181805025,657.9033934657035
,4600,12,0.046029267329722644,48290.95299177544,754.5461404964913
,4700,12,0.04586306497454643,49244.785054207736,769.4497664719959
,4800,12,0.04592067057266831,45539.284748608916,711.5513241970143
,4900,12,0.04782193904742599,44008.939315798525,687.639676809352
,5000,13,0.04652496919035912,46355.64923259672,724.3070192593237
,5100,13,0.04466919196769595,45128.26298495255,705.1291091398836
,5200,13,0.047398993875831366,49996.484622175,781.1950722214843
,5300,14,0.04386416465044021,50507.44195590069,789.1787805609483
,5400,14,0.04122949337586761,49468.981402754805,772.9528344180438
,5500,14,0.0432114072330296,51842.431410033125,810.0379907817676
,5600,14,0.04369584247469902,52828.81812028462,825.4502831294471
,5700,15,0.04270881477743387,53966.08568802543,843.2200888753973
,5800,15,0.04207047365605831,54609.37233352674,853.2714427113553
,5900,15,0.04410426959395409,54625.21978115771,853.5190590805893
,6000,15,0.042031135205179454,55122.99317852959,861.2967684145249
,6100,16,0.039444594793021676,55243.37295318988,863.1777023935919
,6200,16,0.04145908271893859,55558.44922478601,868.1007691372814
,6300,16,0.03945551376789808,55898.12566597376,873.40821353084
,6400,16,0.040574026182293894,56001.33003158825,875.0207817435664
,6500,17,0.04196389498189092,55012.59272630376,859.5717613484962
,6600,17,0.04003729607909918,55248.61878453039,863.2596685082873
,6700,17,0.03923748081550002,55638.14342470159,869.3459910109624
,6800,17,0.03968297686427832,55423.73174913834,865.9958085802865
,6900,18,0.03754837805405259,54997.93757734085,859.3427746459507
,7000,18,0.039083695150911806,52726.53874988672,823.85216796698
,7100,18,0.037534692753106356,46480.21322797818,726.2533316871591
,7200,19,0.03818115813657642,52683.13563437904,823.1739942871725
,7300,19,0.035709939673542974,54113.469180688255,845.522955948254
,7400,19,0.03810783244669438,53506.784493065024,836.043507704141
,7500,19,0.03847567023709417,54692.90786808755,854.5766854388679
,7600,20,0.03470181975513697,53307.12399736796,832.9238124588744
,7700,20,0.034661692939698695,53159.23683270622,830.6130755110347
,7800,20,0.037608390860259536,53534.53395678759,836.4770930748061
,7900,20,0.03595213862136006,53348.004034442805,833.5625630381688
,8000,21,0.03521784611046314,53126.58238355732,830.1028497430831
,8100,21,0.033876193687319756,54979.03924128926,859.0474881451447
,8200,21,0.0350923778116703,54043.55572819469,844.430558253042
,8300,21,0.03596067950129509,54168.88843748148,846.3888818356481
,8400,22,0.03373563956469297,54759.35828877005,855.614973262032
,8500,22,0.03339342311024666,55190.969377635585,862.358896525556
,8600,22,0.034462969582527876,55843.49859518699,872.5546655497967
,8700,23,0.03497319603338837,55735.534886961366,870.8677326087713
,8800,23,0.03183144042268395,56124.1044259118,876.9391316548719
,8900,23,0.03462500976398587,56077.878153285375,876.216846145084
,9000,23,0.03473969418555498,55979.28766356448,874.676369743195
,9100,24,0.03331915840506554,55463.597680928324,866.6187137645051
,9200,24,0.03288559565320611,54757.01574264203,855.5783709787817
,9300,24,0.030899510756134986,54109.80909382979,845.4657670910905
,9400,24,0.03247645739465952,53488.89687507835,835.7640136730993
,9500,25,0.03223143953830004,53423.708440111186,834.7454443767373
,9600,25,0.03141278374940157,54175.76650244637,846.4963516007246
,9700,25,0.0316258560307324,54168.88843748148,846.3888818356481
,9800,25,0.032590622045099736,54194.575461712375,846.7902415892559
,9900,26,0.033224455919116734,55211.442571472944,862.6787901792648
,10000,26,0.031022803410887718,55712.73122959738,870.5114254624591
0.542029520778639,10000,,,,
,10100,26,0.030781467594206333,391.4659445424876,6.116655383476369
,10200,26,0.030384238213300704,47683.26391941528,745.0509987408637
,10300,27,0.029378322046250106,45561.65417280681,711.9008464501064
,10400,27,0.030982123129069804,43623.17753951646,681.6121490549447
,10500,27,0.03156184438616037,43610.39562805784,681.4124316884038
,10600,28,0.029789025727659464,44078.95643070651,688.7336942297892
,10700,28,0.02852911515161395,42193.53647763083,659.2740074629817
,10800,28,0.02883820442482829,43021.16103358339,672.2056411497405
,10900,28,0.03142074007540941,42506.84094471454,664.1693897611647
,11000,29,0.029329374972730873,45168.71219766957,705.761128088587
,11100,29,0.02836182778701186,47495.36178107606,742.1150278293135
,11200,29,0.028599369656294584,45953.572531252015,718.0245708008127
,11300,29,0.02989580675959587,47928.586406254675,748.8841625977293
,11400,30,0.029538648724555968,43893.33918577856,685.83342477779
,11500,30,0.028545808400958776,47864.06605241115,747.8760320689242
,11600,30,0.027276859879493714,52314.50828449283,817.4141919452005
,11700,30,0.028865898177027702,51684.59476047421,807.5717931324095
,11800,31,0.02818574573844671,53218.02760685182,831.5316813570597
,11900,31,0.026011408008635044,50126.88367430057,783.2325574109464
,12000,31,0.02784744743257761,51555.94222512224,805.561597267535
,12100,32,0.028072555884718894,50427.45144387976,787.9289288106213
,12200,32,0.02638200717046857,51626.64257423347,806.666290222398
,12300,32,0.027568872384727,52820.53398258573,825.320843477902
,12400,32,0.02914272664114833,54016.18797633416,844.0029371302212
,12500,33,0.028155446965247393,53047.75956102979,828.8712431410904
,12600,33,0.027067231591790916,52766.9678781083,824.4838730954422
,12700,33,0.026856419146060944,53486.214763866716,835.7221056854174
,12800,33,0.02793466209433973,53316.44979089955,833.0695279828054
,12900,34,0.026099968049675227,52770.0134398628,824.5314599978562
,13000,34,0.025840450515970587,50891.799263659275,795.1843634946762
,13100,34,0.02601982188411057,51674.99656845726,807.4218213821447
,13200,34,0.0265952287055552,50660.56629014256,791.5713482834775
,13300,35,0.024674077127128838,52103.26215267884,814.1134711356069
,13400,35,0.026256550420075655,50806.150719621495,793.8461049940859
,13500,35,0.025781092196702958,50097.84735812133,782.7788649706458
,13600,35,0.026649155374616384,53426.38428596473,834.7872544681989
,13700,36,0.02611459014005959,54473.18472367626,851.1435113074416
,13800,36,0.026235109874978662,54731.26095694189,855.1759524522171
,13900,36,0.025498341266065837,54870.625353658324,857.3535211509113
,14000,37,0.026112165460363032,55206.680008281,862.6043751293906
,14100,37,0.02374247236177325,53376.92448833214,834.0144451301896
,14200,37,0.025163061935454607,54352.90320936908,849.2641126463918
,14300,37,0.025204171184450386,55085.98578092992,860.71852782703
,14400,38,0.02576462535187602,54343.21134414537,849.1126772522714
,14500,38,0.02446427896618843,53871.600407403974,841.7437563656871
,14600,38,0.023936629351228474,51030.17158895197,797.3464310773745
,14700,38,0.024772490719333292,49292.9541883607,770.202409193136
,14800,39,0.02486672948114574,50927.84161441258,795.7475252251966
,14900,39,0.02420855560339987,43554.89618282168,680.5452528565887
,15000,39,0.025354279736056924,52568.03042374761,821.3754753710564
,15100,39,0.02475537097081542,51534.769865043316,805.2307791413018
,15200,40,0.023582536382600664,53559.174519222724,836.8621018628551
,15300,40,0.02364801727235317,54478.74903172536,851.2304536207088
,15400,40,0.024466241393238306,54847.113670643084,856.9861511037982
,15500,41,0.02551190061494708,49897.47627920757,779.6480668626183
,15600,41,0.02307589890435338,49354.91582673339,771.1705597927092
,15700,41,0.02335456332191825,47241.537121514084,738.1490175236576
,15800,41,0.02278191671706736,48704.016559365635,761.000258740088
,15900,42,0.023257256969809532,49955.898308524505,780.5609110706954
,16000,42,0.022231925465166568,49468.21667078902,772.9408854810785
,16100,42,0.02308925747871399,51916.86811493097,811.2010642957964
,16200,42,0.024491803832352162,51887.82500831016,810.7472657548462
,16300,43,0.023595413379371166,52010.954807356306,812.6711688649423
,16400,43,0.021867829160764813,54241.42519344696,847.5222686476087
,16500,43,0.022534995898604394,54112.09659009241,845.501509220194
,16600,43,0.022270345594733953,54955.90647191667,858.686038623698
,16700,44,0.02300179178826511,55476.09760325922,866.8140250509254
,16800,44,0.021095751989632844,56346.95638393407,880.4211934989698
,16900,44,0.023208843432366847,52955.145337051224,827.4241458914254
,17000,44,0.022225557630881666,52615.56927579602,822.1182699343128
,17100,45,0.021597679601982236,50781.55994604459,793.4618741569467
,17200,45,0.022263944102451205,45933.45390864984,717.7102173226538
,17300,45,0.02213686315342784,43865.661411925976,685.4009595613434
,17400,46,0.023578955940902233,46654.37129589806,728.9745514984072
,17500,46,0.022273270143195988,51461.83783088353,804.0912161075552
,17600,46,0.023238265234977008,53172.486561484846,830.8201025232007
,17700,46,0.022874655295163394,55134.86504880297,861.4822663875464
,17800,47,0.022352288868278267,50286.39674395581,785.7249491243095
,17900,47,0.02125038057565689,50653.749960426765,791.4648431316682
,18000,47,0.02120262906886637,50806.554045471865,793.8524069604979
,18100,47,0.02206012769602239,52823.58573102891,825.3685270473267
,18200,48,0.023112990092486144,51290.68192564454,801.4169050881959
,18300,48,0.0200903098937124,52517.99151506199,820.5936174228436
,18400,48,0.02073535225354135,53415.68251053707,834.6200392271418
,18500,48,0.021835028985515238,51918.131596239175,811.2208061912371
,18600,49,0.02040448070503771,51373.84910537258,802.7163922714466
,18700,49,0.020368053447455167,52113.86880333529,814.2792000521139
,18800,49,0.021115989424288273,54981.40082300284,859.0843878594194
,18900,49,0.022961737858131527,53940.1601348504,842.8150021070375
,19000,50,0.020132742142304778,54733.60129992303,855.2125203112973
,19100,50,0.020683057215064762,49453.691254423786,772.7139258503717
,19200,50,0.021186002725735308,51193.03774686643,799.891214794788
,19300,51,0.022318423045799136,48784.206113270826,762.2532205198567
,19400,51,0.020368331177160144,50743.310208126866,792.8642220019823
,19500,51,0.020577541971579193,48098.60213437546,751.5406583496166
,19600,51,0.02197233000770211,50168.53492200361,783.8833581563064
,19700,52,0.02001334762200713,47653.085537288534,744.5794615201333
,19800,52,0.019204272096976636,49959.79797506694,780.6218433604209
,19900,52,0.02042384491302073,50889.371277720784,795.1464262143872
,20000,52,0.021286076754331588,50456.07562104333,788.3761815788021
0.6366871859296154,20000,,,,
,20100,53,0.021245537102222444,428.62198300353106,6.697218484430173
,20200,53,0.019659292539581655,51235.660019373485,800.5571878027107
,20300,53,0.019380940021947027,54153.76284036486,846.152544380701
,20400,53,0.020584789831191302,55411.73516653824,865.80836197716
,20500,54,0.020555499475449324,55300.17626931186,864.0652542079978
,20600,54,0.019514092234894632,55526.153685982244,867.5961513434726
,20700,54,0.019949689479544758,53250.351535523805,832.0367427425595
,20800,55,0.019090557107701897,52108.35280611622,814.193012595566
,20900,55,0.01990353960543871,53584.73504860303,837.2614851344223
,21000,55,0.020934774158522487,52364.58844706268,818.1966944853543
,21100,55,0.020716916685923934,52793.519595469654,824.8987436792133
,21200,56,0.018921640496701003,53492.92054629645,835.8268835358821
,21300,56,0.019430266041308642,53736.35600335852,839.6305625524769
,21400,56,0.02035787341184914,54402.33930058993,850.0365515717176
,21500,56,0.019126974726095796,54798.27385437358,856.2230289745872
,21600,57,0.01949635662138462,55093.09872855458,860.8296676336653
,21700,57,0.019197227405384182,53320.4475585067,833.1319931016671
,21800,57,0.017925987718626857,54394.941270461844,849.9209573509663
,21900,57,0.018941234163939953,54170.26391075449,846.4103736055389
,22000,58,0.018810309115797282,54007.0715509312,843.8604929833
,22100,58,0.018532171677798033,52321.351198894714,817.5211124827299
,22200,58,0.01945200638845563,55031.98734264291,859.8748022287955
,22300,58,0.01929935861378908,52433.65913205909,819.2759239384233
,22400,59,0.018074441254138946,53881.124768479545,841.8925745074929
,22500,59,0.017983413012698294,46989.37599577096,734.2089999339213
,22600,59,0.021049329228699207,53623.79555927943,837.8718056137411
,22700,60,0.018837948348373174,54766.855783465544,855.7321216166491
,22800,60,0.018270319290459157,56323.15409662941,880.0492827598346
,22900,60,0.020032273530960085,53080.757396057095,829.3868343133921
,23000,60,0.019192994348704816,54207.887247594525,846.9982382436644
,23100,61,0.017976587284356357,52798.74602978179,824.9804067153405
,23200,61,0.017982487622648476,54303.096124965,848.4858769525781
,23300,61,0.017314611738547682,54062.72966100979,844.730150953278
,23400,61,0.02042721210978925,55137.24003652843,861.5193755707567
,23500,62,0.018529476448893547,54745.77431054541,855.402723602272
,23600,62,0.017853506086394192,55236.22115202044,863.0659555003193
,23700,62,0.018894608421251177,55027.25568758275,859.8008701184805
,23800,62,0.01965145624242723,54946.94185926715,858.5459665510492
,23900,63,0.017283912887796758,55171.46256099033,862.0541025154739
,24000,63,0.017836827710270883,54833.95592720792,856.7805613626238
,24100,63,0.017863870710134507,54487.09762555445,851.3609003992883
,24200,64,0.017644802574068308,54498.23306509984,851.534891642185
,24300,64,0.017200174294412136,55109.70275204078,861.0891055006372
,24400,64,0.01697307172231376,55598.02627006741,868.7191604698032
,24500,64,0.018202150240540504,55864.45885669893,872.8821696359208
,24600,65,0.018138840934261678,55132.49026566969,861.4451604010889
,24700,65,0.018474052883684634,53951.07312056379,842.9855175088093
,24800,65,0.017873824555426836,53304.90405117271,832.8891257995735
,24900,65,0.018621056377887725,52058.76132684768,813.418145731995
,25000,66,0.01736829472705722,51455.217880688215,803.9877793857534
,25100,66,0.017159670367836954,53244.59234608985,831.9467554076539
,25200,66,0.01745734308846295,52695.715179659455,823.370549682179
,25300,66,0.016749440301209687,52842.776227356044,825.6683785524382
,25400,67,0.01707201429642737,51785.8009806936,809.1531403233375
,25500,67,0.01732902773655951,54749.52094169176,855.4612647139337
,25600,67,0.017494614077731965,52782.19920331868,824.7218625518544
,25700,67,0.018769693579524755,53432.18287164588,834.8778573694668
,25800,68,0.01736044659279287,53847.57770037188,841.3684015683107
,25900,68,0.018045980129390956,54756.078780308344,855.5637309423179
,26000,68,0.01826871609315276,55198.109464750836,862.4704603867318
,26100,69,0.017068553324788807,55061.341776072404,860.3334652511313
,26200,69,0.01692401430569589,55431.89239283889,866.1233186381077
,26300,69,0.017250379417091607,52192.06680584551,815.5010438413361
,26400,69,0.01695039968006313,55211.9188729867,862.6862323904172
,26500,70,0.016851720260456206,52921.428217044006,826.8973158913126
,26600,70,0.016534104021266104,53606.72764431936,837.60511944249
,26700,70,0.01686536191031337,54497.30493796674,851.5203896557304
,26800,70,0.017550881048664452,55983.69474890438,874.745230451631
,26900,71,0.015715874386951326,56113.77067003349,876.7776667192733
,27000,71,0.016846380867063998,56773.323634557215,887.0831817899565
,27100,71,0.01700863802805543,56468.26307152059,882.3166104925092
,27200,71,0.017716924007982016,56380.21406862529,880.9408448222702
,27300,72,0.016376985562965275,55102.58551662979,860.9778986973405
,27400,72,0.01655970307998359,55258.15921257123,863.4087376964254
,27500,72,0.016862818049266936,55732.62274239337,870.8222303498964
,27600,73,0.01648314580321312,55166.231370622256,861.9723651659727
,27700,73,0.01633337532170117,55307.82260015901,864.1847281274845
,27800,73,0.01727629279717803,52988.46672903851,827.9447926412267
,27900,73,0.016790391840040685,52523.59458350431,820.6811653672548
,28000,74,0.01651790037751198,50961.90597528347,796.2797808638043
,28100,74,0.016478809462860226,53653.015886322675,838.3283732237918
,28200,74,0.016983582954853773,53201.659226747135,831.275925417924
,28300,74,0.017596274046227336,53210.50574922887,831.4141523317011
,28400,75,0.015861544571816922,52590.492625005136,821.7264472657052
,28500,75,0.015734141394495964,53861.17282703831,841.5808254224736
,28600,75,0.016824381500482558,53882.4856664169,841.913838537764
,28700,75,0.01671315148472786,55417.972741284655,865.9058240825727
,28800,76,0.01566353696398437,53063.153443715746,829.1117725580585
,28900,76,0.01663851288147271,54002.05882849284,843.7821691952006
,29000,76,0.01597051410935819,53300.020820320635,832.8128253175099
,29100,76,0.016854676380753518,54271.782912868344,847.9966080135679
,29200,77,0.01571437989361584,54646.67509136241,853.8542983025377
,29300,77,0.016540517332032323,56516.63266837983,883.0723854434349
,29400,77,0.016763876974582672,55838.6263697913,872.4785370279891
,29500,78,0.016489366125315427,55308.30056604589,864.192196344467
,29600,78,0.016058958508074282,53162.76944802093,830.6682726253271
,29700,78,0.016622773110866546,52360.304344268996,818.1297553792031
,29800,78,0.016204524701461196,54078.26138389651,844.972834123383
,29900,79,0.016283254493027925,53941.069381700494,842.8292090890702
,30000,79,0.01530366095714271,52542.13633042436,820.9708801628806
0.6955439457445532,30000,,,,
,30100,79,0.015619769897311927,416.87572875902544,6.513683261859772
,30200,79,0.015715205147862434,53320.00333250021,833.1250520703157
,30300,80,0.014917506612837314,54036.711190665155,844.323612354143
,30400,80,0.015200175670906901,55290.14366798269,863.9084948122295
,30500,80,0.015643527302891015,54702.72487948306,854.7300762419228
,30600,80,0.016436533369123936,54504.730840309654,851.6364193798383
,30700,81,0.014699579551815986,51105.14884374601,798.5179506835314
,30800,81,0.0154950138553977,53153.4973340199,830.5233958440609
,30900,81,0.016592446360737086,52325.6289295321,817.587952023939
,31000,82,0.016411856869235634,53189.27903594432,831.08248493663
,31100,82,0.015600008023902774,51168.48021618683,799.5075033779192
,31200,82,0.014886286966502666,53479.957550283696,835.6243367231828
,31300,82,0.016605492793023587,51969.14332115307,812.0178643930167
,31400,83,0.01637097992002964,53953.34721507996,843.0210502356243
,31500,83,0.014607144827023149,54755.141850039356,855.5490914068649
,31600,83,0.015953070549294353,55050.44857513956,860.1632589865557
,31700,83,0.015120838629081845,55085.98578092992,860.71852782703
,31800,84,0.015009576855227351,53761.182746020415,840.018480406569
,31900,84,0.01469152676872909,52063.8432878317,813.4975513723704
,32000,84,0.01568910909816623,53630.5358863703,837.977123224536
,32100,84,0.015899578211829066,52098.17249379299,814.0339452155155
,32200,85,0.016215261025354265,53982.92789905193,843.4832484226864
,32300,85,0.014927249252796173,51109.63815973359,798.5880962458374
,32400,85,0.015800972776487468,51884.88042156465,810.7012565869477
,32500,85,0.015894590904936196,52548.176003547,821.0652500554219
,32600,86,0.01535724800080061,52988.90544792184,827.9516476237787
,32700,86,0.015445470698177815,51529.37576992134,805.1464964050209
,32800,86,0.015186195806600154,51298.904287466234,801.5453794916599
,32900,87,0.01615430031903088,52299.54564769719,817.1804007452686
,33000,87,0.015488604530692101,52736.9661412197,824.0150959565578
,33100,87,0.015283725578337909,53521.10320373978,836.2672375584341
,33200,87,0.014528110735118388,54436.118364534865,850.5643494458573
,33300,88,0.014270664267241955,54756.078780308344,855.5637309423179
,33400,88,0.014844066621735692,54767.79311466151,855.7467674165861
,33500,88,0.014680170519277454,53203.42829591082,831.3035671236065
,33600,88,0.015517304129898548,52356.449251057355,818.0695195477712
,33700,89,0.01513309307396412,51956.48644260432,811.8201006656925
,33800,89,0.01502573400735855,53027.10182032098,828.5484659425153
,33900,89,0.015151191344484687,53208.29384280275,831.3795912937929
,34000,89,0.015035400157794357,54848.52380340232,857.0081844281613
,34100,90,0.014069054508581758,54137.729768138255,845.9020276271602
,34200,90,0.015348391346633435,55045.24030687722,860.0818797949565
,34300,90,0.014790272805839777,53966.99580912548,843.2343095175856
,34400,91,0.01523279383778572,54157.88716542696,846.2169869597963
,34500,91,0.014070675056427718,51910.13058642226,811.0957904128478
,34600,91,0.014354579001665115,52101.565489225555,814.0869607691493
,34700,91,0.01642375227063894,51562.588119657434,805.6654393696474
,34800,92,0.015324248299002648,52211.22704541561,815.8004225846189
,34900,92,0.014111848017200827,52832.7430925316,825.5116108208063
,35000,92,0.014340633442625404,53294.25088268603,832.7226700419692
,35100,92,0.014054157454520464,54416.67871202524,850.2606048753944
,35200,93,0.014626653054729105,52311.94265303287,817.3741039536386
,35300,93,0.015208271639421582,53657.96401562788,838.4056877441856
,35400,93,0.015168470358476042,51898.76497157732,810.9182026808957
,35500,93,0.015114877047017217,53357.78898661887,833.7154529159199
,35600,94,0.01543227062560618,54044.46846420821,844.4448197532532
,35700,94,0.0162629459425807,54658.34265656626,854.0366040088478
,35800,94,0.015049668001011015,53240.16304799933,831.8775476249896
,35900,94,0.014556905450299383,51897.0816000519,810.8919000008109
,36000,95,0.01412523071281612,51201.63845243048,800.0256008192263
,36100,95,0.014515510788187384,53440.659992150904,835.0103123773579
,36200,95,0.014956074822694064,52471.48912446402,819.8670175697503
,36300,96,0.014272357113659382,54331.677915021864,848.9324674222166
,36400,96,0.014085006825625896,53470.12774347707,835.4707459918292
,36500,96,0.013876358084380626,55289.188371992575,863.893568312384
,36600,96,0.01502231658436358,55287.75548990135,863.8711795297086
,36700,97,0.014243179326876998,54924.77879903538,858.1996687349279
,36800,97,0.012984707835130394,55781.1982498649,871.5812226541391
,36900,97,0.01419777178671211,52716.98392955693,823.7028738993271
,37000,97,0.014628795478492974,54457.888735726076,850.9045114957199
,37100,98,0.014860818292945624,52828.38204825542,825.443469503991
,37200,98,0.013827920081093908,54022.571305573605,844.1026766495876
,37300,98,0.014512542681768537,54661.14361361404,854.0803689627194
,37400,98,0.015225497474893927,54124.910144192145,845.7017210030023
,37500,99,0.014559157192707062,53771.11986758862,840.1737479310722
,37600,99,0.014505851892754435,53886.56877273339,841.9776370739593
,37700,99,0.014439651966094971,53939.70552292016,842.8078987956275
,37800,99,0.014273519003763795,50818.253281350495,794.0352075211015
,37900,100,0.013689822684973478,51943.83572761951,811.6224332440548
,38000,100,0.0143128218408674,50524.18845522294,789.4404446128584
,38100,100,0.01473691962659359,52499.46680229029,820.3041687857858
,38200,101,0.014008475327864289,51430.821527013235,803.6065863595818
,38300,101,0.013749306220561267,53645.82023620925,838.2159411907695
,38400,101,0.014885679790750147,53752.15218578088,839.8773779028262
,38500,101,0.015995076233521102,51595.011407334554,806.1720532396024
,38600,102,0.013582450281828641,52469.33823047157,819.8334098511183
,38700,102,0.012268190025351941,52887.31696030146,826.3643275047103
,38800,102,0.013921418953686952,53665.16292408056,838.5181706887588
,38900,102,0.01425124989822507,53290.257042224206,832.6602662847532
,39000,103,0.01354918235912919,54873.448110295634,857.3976267233693
,39100,103,0.013413974773138762,55413.17448223315,865.830851284893
,39200,103,0.014329062243923545,54745.77431054541,855.402723602272
,39300,103,0.015385915422812105,55753.49983883754,871.1484349818365
,39400,104,0.013098572911694646,55808.4375381503,872.0068365335984
,39500,104,0.013733000727370381,57045.57406565589,891.3370947758733
,39600,104,0.01422641109675169,56877.76612573541,888.7150957146158
,39700,105,0.013944174917414785,56316.711104071524,879.9486110011176
,39800,105,0.01364400596357882,54588.87751620608,852.95121119072
,39900,105,0.013229637928307057,51901.711134538964,810.9642364771713
,40000,105,0.014287049779668451,54414.82804064108,850.2316881350168
0.7304019457530257,40000,,,,
,40100,106,0.01453651674091816,405.9354872101145,6.342741987658039
,40200,106,0.013123593190684915,50122.172796190716,783.1589499404799
,40300,106,0.013908854508772493,52017.71853537611,812.7768521152517
,40400,106,0.0145380974188447,53181.765302222,830.9650828472187
,40500,107,0.01526878216303885,54762.63819009481,855.6662217202314
,40600,107,0.012624332769773901,53518.865400053524,836.2322718758363
,40700,107,0.014929603859782219,53632.78303863236,838.0122349786307
,40800,107,0.014933471390977502,54246.48245465333,847.6012883539582
,40900,108,0.01313175717368722,51494.54881924608,804.60232530072
,41000,108,0.013434781758114696,53113.35551922454,829.8961799878834
,41100,108,0.014142913557589055,53628.73830013659,837.9490359396342
,41200,108,0.013942860104143619,53594.1582367522,837.4087224492531
,41300,109,0.013039106763899326,53892.46768557114,842.069807587049
,41400,109,0.01303492120001465,53700.73586789619,839.073997935878
,41500,109,0.013173244232311844,54545.60950457245,852.2751485089445
,41600,110,0.013770560519769787,53033.69296806378,828.6514526259965
,41700,110,0.013029684363864362,51872.68497880514,810.5107027938303
,41800,110,0.014133845251053571,52335.042399561695,817.7350374931515
,41900,110,0.013416509497910739,52526.61211559137,820.7283143061152
,42000,111,0.013389250412583351,52578.82716353658,821.5441744302591
,42100,111,0.012976900381036103,53603.13578344333,837.548996616302
,42200,111,0.013898494243621827,53547.97145223772,836.6870539412143
,42300,111,0.013442686325870454,53072.834172271105,829.263033941736
,42400,112,0.012716912785544992,52849.75804720144,825.7774694875225
,42500,112,0.013236910030245781,50550.127560087516,789.8457431263674
,42600,112,0.013821235643699765,52533.94185149311,820.8428414295798
,42700,112,0.013504217686131597,52475.36117807186,819.9275184073728
,42800,113,0.013190658781677484,53633.68195226602,838.0262805041566
,42900,113,0.01261204294860363,53909.263970080356,842.3322495325056
,43000,113,0.01337932468391955,54161.55375957347,846.2742774933355
,43100,114,0.01376178621314466,54418.529509297914,850.2895235827799
,43200,114,0.012985443705692887,53508.57391289807,836.0714673890324
,43300,114,0.013593851253390313,54550.25868755487,852.3477919930449
,43400,114,0.013773828847333788,53724.62770511895,839.4473078924836
,43500,115,0.01355097052641213,54297.1069822686,848.3922965979468
,43600,115,0.012415304179303348,54847.113670643084,856.9861511037982
,43700,115,0.013022869070991873,53231.30666223072,831.739166597355
,43800,115,0.0134968226775527,54434.26637068034,850.5354120418804
,43900,116,0.013525560293346643,54378.30305708023,849.6609852668786
,44000,116,0.012757396893575787,53148.64180306767,830.4475281729324
,44100,116,0.013279669843614101,52856.74171222808,825.8865892535638
,44200,116,0.013858684357255697,51988.140205515614,812.3146907111815
,44300,117,0.012150685940869153,53413.89929810798,834.5921765329372
,44400,117,0.01326197650283575,54113.92672636109,845.530105099392
,44500,117,0.013014179924502968,53013.485305324546,828.335707895696
,44600,117,0.014368665302172304,51279.9967950002,801.2499499218782
,44700,118,0.012670536818914115,50485.130551392285,788.8301648655045
,44800,118,0.012174484846182167,52403.17694260214,818.7996397281585
,44900,118,0.013274404155090451,52659.72765047105,822.8082445386102
,45000,119,0.013861293625086545,52405.751531230555,818.8398676754774
,45100,119,0.013809642577543855,55490.04647291392,867.03197613928
,45200,119,0.013731378810480237,55279.159756771696,863.7368711995578
,45300,119,0.013134963102638722,52008.41886280342,812.6315447313034
,45400,120,0.01347926348913461,51975.474073171725,812.1167823933082
,45500,120,0.012459435216151178,52234.664229049005,816.1666285788907
,45600,120,0.012223706794902683,53148.64180306767,830.4475281729324
,45700,120,0.013868352314457297,53730.49121422515,839.538925222268
,45800,121,0.013191408100537956,50434.20700089836,788.0344843890368
,45900,121,0.012611434739083051,53324.00163304755,833.1875255163679
,46000,121,0.013027474582195282,51723.859246448024,808.1853007257504
,46100,121,0.01280960879754275,54664.41175968158,854.1314337450247
,46200,122,0.012071406906470657,53743.57596318565,839.7433744247758
,46300,122,0.0127056650724262,53520.65562803144,836.2602441879912
,46400,122,0.013315491331741213,54435.65535425704,850.5571149102663
,46500,123,0.01314244226552546,54501.945889786846,851.5929045279195
,46600,123,0.012321718279272318,54123.53697314119,845.6802652053311
,46700,123,0.013140515335835516,54541.890728730796,852.2170426364187
,46800,123,0.013416095161810518,53915.16785308116,842.4244977043932
,46900,124,0.013072047624737024,50566.90238217516,790.1078497214869
,47000,124,0.013149732500314712,51366.42722420643,802.6004253782255
,47100,124,0.013433443391695618,51377.560850298636,802.7743882859162
,47200,124,0.012754353312775493,53640.87434625185,838.1386616601851
,47300,125,0.012428574189543724,53018.316171414845,828.411190178357
,47400,125,0.012437521498650312,53611.667239082904,837.6823006106704
,47500,125,0.012533259959891439,51413.05570283254,803.3289953567585
,47600,125,0.012249162155203521,52108.35280611622,814.193012595566
,47700,126,0.012714992319233715,53307.12399736796,832.9238124588744
,47800,126,0.012212737761437893,53304.01612446488,832.8752519447637
,47900,126,0.012800464583560824,55439.09495677483,866.2358586996068
,48000,126,0.012734321118332446,55563.272676760665,868.1761355743854
,48100,127,0.011887773964554071,54656.94228568501,854.0147232138282
,48200,127,0.012567868935875595,55480.90676606996,866.8891682198431
,48300,127,0.012868490032851697,54761.70103533841,855.6515786771627
,48400,128,0.013038991894572973,54917.238006161024,858.081843846266
,48500,128,0.01258542490657419,55063.71043371276,860.3704755267619
,48600,128,0.013414214923977852,54292.040277907385,848.3131293423029
,48700,128,0.012814674228429794,52067.65540974804,813.5571157773131
,48800,129,0.011926310029812157,53111.151682129755,829.8617450332774
,48900,129,0.01213528634980321,52068.07901330991,813.5637345829673
,49000,129,0.013425480788573623,53563.657058685676,836.9321415419637
,49100,129,0.012670752936974167,54623.35489817865,853.4899202840414
,49200,130,0.012114877845160663,54390.78076266073,849.8559494165739
,49300,130,0.012139524407684803,52495.16060238197,820.2368844122183
,49400,130,0.012635311344638467,51294.79277705199,801.4811371414373
,49500,130,0.013465597610920668,52515.405886648776,820.5532169788871
,49600,131,0.012423099130392074,53676.86527106817,838.7010198604402
,49700,131,0.012615711926482618,52152.08852817028,814.8763832526606
,49800,131,0.012527229497209191,54375.53101104503,849.6176720475786
,49900,132,0.012774581434205174,52630.28050294812,822.3481328585643
,50000,132,0.011139422515407204,54980.45616597225,859.0696275933165
0.6708920208011313,50000,,,,
,50100,132,0.012177628516219556,407.9322684558916,6.373941694623306
,50200,132,0.01302277075126767,49653.5886355349,775.8373224302328
,50300,133,0.01276750460267067,52283.31018707622,816.9267216730659
,50400,133,0.012433037348091602,53206.524450060686,831.3519445321982
,50500,133,0.01239241830073297,54133.60851250994,845.8376330079678
,50600,133,0.012478531580418348,53294.25088268603,832.7226700419692
,50700,134,0.012274536807090043,49746.98991846158,777.2967174759622
,50800,134,0.011966592180542648,50704.716330879965,792.2611926699994
,50900,134,0.012090044249780475,50426.656791446374,787.9165123663496
,51000,134,0.012879273472353816,52568.03042374761,821.3754753710564
,51100,135,0.012286947038955987,53911.080411745876,842.3606314335293
,51200,135,0.01202261595055461,54381.99955814626,849.7187430960353
,51300,135,0.012496614521369338,53671.46355372178,838.6166180269028
,51400,135,0.012419272409752012,51368.48864274821,802.6326350429408
,51500,136,0.011526071652770042,50979.3613241889,796.5525206904516
,51600,136,0.012515316237695515,53161.0030816769,830.6406731512016
,51700,136,0.013252209722995758,53614.361947206606,837.7244054251032
,51800,137,0.012236857530660927,51733.05742369374,808.3290222452147
,51900,137,0.012370391292497515,53342.22370395066,833.472245374229
,52000,137,0.01195592265110463,51965.76755062602,811.9651179785316
,52100,137,0.012307997364550828,51992.786000942375,812.3872812647246
,52200,138,0.012744960905984044,51364.365971107545,802.5682182985554
,52300,138,0.011961996550671756,51738.494248134586,808.4139726271029
,52400,138,0.012044567875564098,52364.58844706268,818.1966944853543
,52500,138,0.011614269176498056,54664.87866959351,854.1387292123986
,52600,139,0.012706189788877964,51900.02757188965,810.9379308107758
,52700,139,0.012253464991226792,53400.083437630376,834.3763037129746
,52800,139,0.012994887735694648,52154.63850316188,814.9162266119043
,52900,139,0.012417913125827908,54220.28685920516,847.1919821750806
,53000,140,0.012286285483278335,54669.08121775378,854.2043940274028
,53100,140,0.013086667866446078,54723.30528763937,855.0516451193652
,53200,140,0.012364092483185232,55104.95772416525,861.014964440082
,53300,141,0.012119658822193742,54030.78066035745,844.2309478180852
,53400,141,0.011593039128929377,54087.85896590775,845.1227963423086
,53500,141,0.01151075608562678,54038.07995947144,844.3449993667413
,53600,141,0.012864259886555374,54523.30445302051,851.9266320784454
,53700,142,0.012324539590626954,53589.22186775185,837.3315916836226
,53800,142,0.0118886892311275,55319.77422617144,864.3714722839287
,53900,142,0.012193672191351652,54113.01164275266,845.5158069180103
,54000,142,0.013025129376910628,54509.83732220424,851.7162081594413
,54100,143,0.012404355378821492,49321.824907521586,770.6535141800248
,54200,143,0.012416421445086598,46702.7153250582,729.7299269540343
,54300,143,0.011794406110420824,50379.42000692717,787.178437608237
,54400,143,0.01196187311783433,52645.86606562637,822.591657275412
,54500,144,0.011231889273039997,48976.84313635459,765.2631740055405
,54600,144,0.011520409700460732,50912.44650215582,795.5069765961847
,54700,144,0.01180679284967482,52127.451619208965,814.4914315501401
,54800,144,0.012103780573233962,52383.87558829547,818.4980560671167
,54900,145,0.011541678421199322,40049.561332148536,625.7743958148209
,55000,145,0.011602538637816906,42676.90912485663,666.8267050758849
,55100,145,0.012243859702721238,30933.415822442195,483.3346222256593
,55200,146,0.012381628672592342,41482.74900992345,648.1679532800539
,55300,146,0.01135552693158388,47328.17653409847,739.5027583452886
,55400,146,0.01165815019980073,49827.16203170253,778.549406745352
,55500,146,0.012550290110521018,50956.225417602196,796.1910221500343
,55600,147,0.0121967468643561,53169.394367367284,830.7717869901138
,55700,147,0.011260584979318082,50181.515952233465,784.0861867536479
,55800,147,0.012757493294775485,38274.07828245073,598.0324731632927
,55900,147,0.01243987761437893,36044.15408875873,563.1899076368552
,56000,148,0.011241222824901342,45446.4761228475,710.1011894194922
,56100,148,0.011773460609838367,41754.19825415259,652.4093477211342
,56200,148,0.011740724155679345,50955.008319997454,796.1720049999602
,56300,148,0.011638298113830388,52688.77399809003,823.2620937201567
,56400,149,0.011633522915653885,52657.99455318869,822.7811648935733
,56500,149,0.011715872031636536,43868.96887359568,685.4526386499325
,56600,149,0.012058815727941692,51740.167347103765,808.4401147984963
,56700,149,0.01212830750271678,53899.72965916843,842.1832759245067
,56800,150,0.010981210302561521,53305.79200746281,832.9030001166064
,56900,150,0.011297543342225254,55262.930662291685,863.4832915983076
,57000,150,0.012479189205914737,55476.09760325922,866.8140250509254
,57100,151,0.011566476742736996,54984.23498887428,859.1286717011607
,57200,151,0.011214410797692835,55058.49965588438,860.2890571231934
,57300,151,0.012381757204420864,54433.803391906375,850.5281779985371
,57400,151,0.012237393697723746,54864.98071153022,857.2653236176596
,57500,152,0.01244590817950666,53819.050261947414,840.9226603429283
,57600,152,0.011603983612731099,51939.62019152735,811.5565654926148
,57700,152,0.011820048452354967,50974.48886127771,796.4763884574642
,57800,152,0.011860841219313443,52091.38782852166,813.927934820651
,57900,153,0.011521077156066895,52420.77500839551,819.0746095061799
,58000,153,0.010764572848565877,52860.23423691296,825.941159951765
,58100,153,0.011706412425264717,52568.03042374761,821.3754753710564
,58200,153,0.012331960182636976,52325.20112499182,817.5812675779972
,58300,154,0.012732125008478761,51420.077933555614,803.4387177118065
,58400,154,0.011883177822455763,52897.3708353652,826.5214193025812
,58500,154,0.012031160257756711,53962.44551057748,843.1632111027732
,58600,155,0.011602422534488142,53960.625606003116,843.1347750937987
,58700,155,0.011417103777639569,53909.718069021284,842.3393448284576
,58800,155,0.011347031164914369,54098.831803350746,845.2942469273554
,58900,155,0.011676006419584155,54091.51608377423,845.1799388089723
,59000,156,0.012359311296604574,53841.235656358316,841.2693071305987
,59100,156,0.011894711880013347,54016.64387839503,844.0100605999223
,59200,156,0.011730696563608945,54031.69296490473,844.2452025766364
,59300,156,0.011099986680783332,53177.34645041212,830.8960382876894
,59400,157,0.011133571066893637,53831.725390910855,841.1207092329821
,59500,157,0.011332393917255103,54199.16499411431,846.8619530330361
,59600,157,0.011976351840421557,54129.487884298214,845.7732481921596
,59700,157,0.011885134442709387,54649.00820589013,853.8907532170333
,59800,158,0.010911040841601789,54190.90439539039,846.7328811779748
,59900,158,0.011433323193341494,53946.980233489274,842.9215661482699
,60000,158,0.011509032906033098,51726.785584391444,808.2310247561163
0.733231863342936,60000,,,,
,60100,158,0.011357583468779922,393.44583179182484,6.147591121747263
,60200,159,0.010798222948797048,49984.3798812871,781.005935645111
,60300,159,0.011558633907698094,52570.621236888146,821.4159568263773
,60400,159,0.011107787722721696,52883.820856056846,826.3097008758882
,60500,160,0.011962610157206654,54003.88152898489,843.810648890389
,60600,160,0.01064233128912747,56333.069272071116,880.2042073761112
,60700,160,0.010968936705030501,54136.355946540345,845.8805616646929
,60800,160,0.012262099371291697,53683.16864902951,838.7995101410861
,60900,161,0.011741677545942367,51996.587723930614,812.4466831864158
,61000,161,0.010887502157129348,52893.43625514471,826.4599414866361
,61100,161,0.012210486503317953,52512.38964193114,820.5060881551741
,61200,161,0.011242989180609585,53007.33820338253,828.2396594278521
,61300,162,0.011744366199709476,53612.11633829246,837.6893177858196
,61400,162,0.011034262091852725,54631.28153035877,853.6137739118558
,61500,162,0.011794440294615925,55055.18421980782,860.2372534344972
,61600,162,0.012136645703576506,53712.90452531221,839.2641332080033
,61700,163,0.011134238657541573,51398.191426139194,803.0967410334249
,61800,163,0.0114783193776384,52793.519595469654,824.8987436792133
,61900,163,0.011685853633098304,51657.895586478546,807.1546185387273
,62000,164,0.011412499826401473,53095.72994184358,829.6207803413059
,62100,164,0.01074760883115232,53916.530471264174,842.4457886135027
,62200,164,0.011366964122280478,54339.9814904438,849.0622107881844
,62300,164,0.010836296873167157,55023.470949326824,859.7417335832316
,62400,165,0.011314855050295591,51578.37898825786,805.912171691529
,62500,165,0.010712076746858656,52592.221281771046,821.7534575276726
,62600,165,0.011218155268579721,51925.29248543658,811.3326950849465
,62700,165,0.011236064010299742,54217.53089975687,847.1489203087011
,62800,166,0.010763153983280063,53578.90330682294,837.1703641691084
,62900,166,0.010547920325770975,54389.39406815671,849.8342823149486
,63000,166,0.01099364145193249,54448.15939698664,850.7524905779162
,63100,166,0.01163179130293429,53909.263970080356,842.3322495325056
,63200,167,0.011173811401240527,54145.97416221796,846.0308462846556
,63300,167,0.011645545726642012,51226.22782864827,800.4098098226292
,63400,167,0.011355410232208669,52239.35419098382,816.2399092341221
,63500,167,0.011033583492971956,51351.58989336521,802.3685920838315
,63600,168,0.010964098279364407,53640.42476511361,838.1316369549002
,63700,168,0.011512616211548447,53930.160442227316,842.6587569098018
,63800,168,0.011724092955701053,53842.141571181,841.2834620497031
,63900,169,0.012086761519312858,54090.144606620976,845.1585094784527
,64000,169,0.011851094728335738,53908.809878789405,842.3251543560845
,64100,169,0.011447600503452122,53734.55131649651,839.602364320258
,64200,169,0.011029023230075836,53450.92536914546,835.1707088928978
,64300,170,0.010712216426618397,53279.166181049266,832.4869715788948
,64400,170,0.010819943333044648,54740.62352991489,855.3222426549202
,64500,170,0.010695246169343591,54357.9812804702,849.3434575073469
,64600,170,0.012196272374130785,53966.08568802543,843.2200888753973
,64700,171,0.010482592629268766,53494.261904562896,835.8478422587953
,64800,171,0.0121611966798082,54175.30791044144,846.4891861006475
,64900,171,0.01069437620230019,51292.326187136845,801.4425966740132
,65000,171,0.011697982619516552,49643.189574930184,775.6748371082841
,65100,172,0.010688422694802285,51891.19065958568,810.7998540560262
,65200,172,0.01141919480636716,54375.53101104503,849.6176720475786
,65300,172,0.011009250711649656,54697.58219593699,854.6497218115155
,65400,173,0.011769030573777855,51540.580153655355,805.3215649008649
,65500,173,0.01175552722532302,51537.259828316506,805.2696848174454
,65600,173,0.012219319711439311,52370.15882887232,818.28373170113
,65700,173,0.010773573783226312,52810.945068365414,825.1710166932096
,65800,174,0.010804319204762578,52485.689448736244,820.0888976365038
,65900,174,0.010406504892744124,55403.10084230027,865.6734506609417
,66000,174,0.010419647721573711,55551.215616835485,867.9877440130545
,66100,174,0.011460486357100308,55198.58553624563,862.4778990038379
,66200,175,0.011781746675260364,51503.66561245101,804.7447751945471
,66300,175,0.0105472107604146,52956.45986065832,827.4446853227862
,66400,175,0.011202219477854668,51824.380131828264,809.7559395598166
,66500,175,0.011254212041385471,54452.79198182638,850.8248747160372
,66600,176,0.01105758095625788,52705.262291031875,823.519723297373
,66700,176,0.011516848565079271,52695.281302232135,823.3637703473771
,66800,176,0.01119281207676977,53634.58089603272,838.0403265005112
,66900,176,0.011913041174411774,54619.159377000215,853.4243652656284
,67000,177,0.010321635510772467,52315.791194598394,817.4342374155999
,67100,177,0.010812051389366388,54340.44287460943,849.0694199157723
,67200,177,0.010289692841470242,54269.021716088224,847.9534643138785
,67300,178,0.011346944239921868,53481.745176197284,835.6522683780826
,67400,178,0.010438643456436693,54912.997220029516,858.0155815629612
,67500,178,0.010917966924607754,54424.54547000697,850.3835229688589
,67600,178,0.011214423021301627,55020.15973040122,859.689995787519
,67700,179,0.010235036010853946,54846.17362241837,856.971462850287
,67800,179,0.0106311949249357,53665.16292408056,838.5181706887588
,67900,179,0.010966439540497959,53492.92054629645,835.8268835358821
,68000,179,0.01124020354822278,53101.01638664178,829.7033810412778
,68100,180,0.010987626845017076,51058.262263955265,797.785347874301
,68200,180,0.010894521744921804,52173.34594189194,815.2085303420615
,68300,180,0.011580980708822608,44164.734459534055,690.0739759302196
,68400,180,0.01084098119288683,53980.651310295965,843.4476767233745
,68500,181,0.011046408023685218,51037.90361810888,797.4672440329513
,68600,181,0.01076970194466412,52718.72091203387,823.7300142505292
,68700,181,0.011262769782915712,51773.65206487886,808.9633135137321
,68800,182,0.011053450955078006,52889.93934185082,826.405302216419
,68900,182,0.010772558208554984,53901.09149710282,842.2045546422315
,69000,182,0.011125862635672092,54674.685620557684,854.2919628212138
,69100,182,0.011270156675018371,52928.43083742702,827.0067318347972
,69200,183,0.011485388372093439,52787.423396375816,824.8034905683721
,69300,183,0.010787697690539062,52242.339150735475,816.2865492302418
,69400,183,0.010468905423767865,53009.09437275333,828.2670995742708
,69500,183,0.010592567306011914,52913.11501161608,826.7674220565012
,69600,184,0.010391701511107385,53330.222403693115,833.2847250577049
,69700,184,0.010058422298170626,54210.64222670213,847.0412847922208
,69800,184,0.010207195170223712,54563.74580114925,852.558528142957
,69900,184,0.01134898517280817,54234.53044760436,847.4145382438181
,70000,185,0.010243170741014183,53748.089423383775,839.8138972403715
0.745549811054016,70000,,,,
,70100,185,0.010452402546070516,417.996499671187,6.531195307362297
,70200,185,0.010810787254013122,48604.149579270335,759.439837176099
,70300,185,0.010669605536386371,52096.052096052095,814.000814000814
,70400,186,0.010866620959714055,52958.65087836888,827.4789199745137
,70500,186,0.011383039550855756,54087.85896590775,845.1227963423086
,70600,186,0.011055039032362402,49651.66255488835,775.8072274201305
,70700,187,0.011038754731416703,52363.303142616365,818.1766116033807
,70800,187,0.010167065202258527,50700.29786424995,792.1921541289055
,70900,187,0.010394230983220041,52728.27636207848,823.8793181574763
,71000,187,0.011045133327133954,53205.1974827291,831.3312106676422
,71100,188,0.011339912516996264,53446.90801286066,835.1079377009478
,71200,188,0.010026544290594757,54565.141400448454,852.5803343820071
,71300,188,0.010763952815905213,53748.089423383775,839.8138972403715
,71400,188,0.010772518850862979,54527.02069470832,851.9846983548175
,71500,189,0.011285978411324322,53919.25591426838,842.4883736604435
,71600,189,0.01005978750064969,54193.198753556426,846.7687305243192
,71700,189,0.011187239289283753,52770.0134398628,824.5314599978562
,71800,189,0.010896062180399894,52807.89478026965,825.1233559417133
,71900,190,0.011849253471009433,53747.63804325005,839.8068444257821
,72000,190,0.010995803298428655,54540.96111399913,852.2025174062364
,72100,190,0.010696690329350531,54912.52606199968,858.008219718745
,72200,191,0.011147769656963647,53147.759074564645,830.4337355400726
,72300,191,0.010697681666351854,51945.52213366232,811.6487833384738
,72400,191,0.01017356785479933,52809.20200344911,825.1437813038923
,72500,191,0.011184679293073714,52195.472042800284,815.5542506687544
,72600,192,0.010553592815995216,53797.78756598635,840.5904307185367
,72700,192,0.009849809031002223,55570.02691673179,868.2816705739342
,72800,192,0.010319078001193702,55336.03672929438,864.6255738952246
,72900,192,0.010900847110897303,51062.335942299556,797.8489990984306
,73000,193,0.010648621516302227,52938.938243419856,827.1709100534353
,73100,193,0.01076338863465935,51650.80825444479,807.0438789756998
,73200,193,0.012201023064553737,53323.557347819566,833.1805835596807
,73300,193,0.011405788334086538,53782.41651120187,840.3502579875292
,73400,194,0.009684312585741282,53819.050261947414,840.9226603429283
,73500,194,0.010435742791742086,54231.313499360236,847.3642734275037
,73600,194,0.010866717202588916,54208.34639133344,847.005412364585
,73700,194,0.010849672709591687,54049.489063423694,844.5232666159952
,73800,195,0.010318715441972017,53653.46567854867,838.335401227323
,73900,195,0.01051491840276867,53667.863012779664,838.5603595746823
,74000,195,0.011054578158073126,54023.027315393185,844.1098018030185
,74100,196,0.010314774746075273,52468.047778716005,819.8132465424376
,74200,196,0.010621637548319995,54121.24850955156,845.6445079617431
,74300,196,0.01045906964223832,54103.8625085594,845.3728516962407
,74400,196,0.010887317396700381,54419.91768987449,850.3112139042889
,74500,197,0.01111740545835346,54425.93395753076,850.4052180864181
,74600,197,0.010121355499140918,54708.33618272584,854.8177528550913
,74700,197,0.010208556475117803,54028.50003376781,844.195313027622
,74800,197,0.010406569405458867,50436.19427391582,788.0655355299347
,74900,198,0.010421393658034503,51857.97397377931,810.2808433403018
,75000,198,0.010877501494251192,51556.77286824828,805.5745760663793
,75100,198,0.010365854729898274,54844.29362263698,856.9420878537028
,75200,198,0.010909326286055147,51944.678916953446,811.6356080773976
,75300,199,0.010423197941854596,52807.02333410344,825.1097395953662
,75400,199,0.010446466957218944,51932.033950567195,811.4380304776124
,75500,199,0.010724882683716715,52468.047778716005,819.8132465424376
,75600,199,0.01079272706527263,51502.8366796765,804.7318231199453
0.6807582978754128,75600,,,,
